Dis No,Hazard  Group,Hazard Type,Specific Hazard Name,Hazard Type Final,ISO,Data Source Type,Source Level,Source Origin,Reliability Rating,Start Year,Start Month,Start Day,End Year,End Month,End Day,Event Season,Data Entry Date,Data Last Updated,Magnitude,Magnitude Scale,Region,Country,Total Deaths,No. Affected,Location,Total Economic Loss,No. Houses Damaged/Destroyed,No. Houses Damaged,No. Houses Destroyed,No. Infrastucture Destroyed/Damaged,Gender Data Availability,No.Gender Female,No.Gender Male,No. Gender Other,No. Children,No. Disabled Population,Source Website,Complementary Sources,
BIO-19050000-CA-KAZ-0001,BiologicalHazards,Epidemic,Typhus Fever,epidemic,KAZ,1,0.6,EM-DAT,High,1999,0,0,1999,0,0,Winter,1/6/2026,1/30/2026,N/A,N/A,Central Asia,Kazakhstan,N/A,166,Kazakhstan,N/A,N/A,N/A,N/A,N/A,No,N/A,N/A,N/A,N/A,N/A,https://public.emdat.be/,N/A,
BIO-19050101-CA-KAZ-0001,BiologicalHazards,Epidemic,Typhus Fever,epidemic,KAZ,1,0.6,EM-DAT,High,2000,1,1,2000,1,30,Winter,1/6/2026,1/30/2026,N/A,N/A,Central Asia,Kazakhstan,N/A,114,Kyzylzhar,N/A,N/A,N/A,N/A,N/A,No,N/A,N/A,N/A,N/A,N/A,https://public.emdat.be/,N/A,
BIO-19050313-CA-KAZ-0001,BiologicalHazards,Epidemic,COVID-19,epidemic,KAZ,1,0.6,Glide,High,2020,3,13,2022,5,5,Spring,1/6/2026,1/30/2026,N/A,N/A,Central Asia,Kazakhstan,19071,1498668,Kazakhstan,N/A,N/A,N/A,N/A,N/A,No,N/A,N/A,N/A,N/A,N/A,https://www.glidenumber.net/glide/public/search/search.jsp,https://coronavirus.jhu.edu/region/kazakhstan,
BIO-19051209-CA-KAZ-0001,BiologicalHazards,Epidemic,N/A,epidemic,KAZ,1,0.6,EM-DAT,High,1998,12,9,1998,12,9,Winter,1/6/2026,1/30/2026,N/A,N/A,Central Asia,Kazakhstan,7,593,Ust-kamenogorsk,N/A,N/A,N/A,N/A,N/A,No,N/A,N/A,N/A,N/A,N/A,https://public.emdat.be/,N/A,
GEO-19050123-CA-KAZ-0001,GeophysicalHazards,Earthquakes,Earthquake,earthquake,KAZ,1,0.6,EM-DAT,High,2024,1,23,2024,1,23,Winter,1/6/2026,1/30/2026,5.8,Moment Magnitude,Central Asia,Kazakhstan,N/A,67,Almaty,N/A,N/A,N/A,N/A,N/A,No,N/A,N/A,N/A,N/A,N/A,https://public.emdat.be/,https://astanatimes.com/2024/01/kazakh-officials-confirm-no-casualties-in-almaty-earthquake/,
GEO-19050314-CA-KAZ-0001,GeophysicalHazards,Landslide,Mudflow,mass_movement,KAZ,1,0.6,EM-DAT,High,2004,3,14,2004,3,14,Spring,1/6/2026,1/30/2026,N/A,N/A,Central Asia,Kazakhstan,48,N/A,Talgar,N/A,N/A,N/A,N/A,N/A,No,N/A,N/A,N/A,N/A,N/A,https://public.emdat.be/,http://news.bbc.co.uk/2/hi/asia-pacific/3510218.stm,
GEO-19050523-CA-KAZ-0001,GeophysicalHazards,Earthquakes,Earthquake,earthquake,KAZ,1,0.6,EM-DAT,High,2023,5,23,2023,5,23,Spring,1/6/2026,1/30/2026,5.5,Moment Magnitude,Central Asia,Kazakhstan,3,36626,Jambyl,N/A,N/A,N/A,N/A,N/A,No,N/A,N/A,N/A,N/A,N/A,https://public.emdat.be/,N/A,
HYDRO-19050207-CA-KAZ-0001,HydrologicalHazards,Floods,FlashFlood,flood,KAZ,1,1,Global Disaster Alert and Coordination System (GDACS),Very High,2024,2,7,2024,2,9,Winter,1/6/2026,1/30/2026,N/A,N/A,Central Asia,Kazakhstan,4,100,Medeu,N/A,N/A,N/A,2,N/A,No,N/A,N/A,N/A,N/A,N/A,https://gdacs.org/,https://www.kazhydromet.kz/,
HYDRO-19050201-CA-KAZ-0001,HydrologicalHazards,Floods,FlashFlood,flood,KAZ,1,0.6,EM-DAT,High,2010,2,1,2010,3,0,Winter,1/6/2026,1/30/2026,323800,km2,Central Asia,Kazakhstan,44,16200,Almatinskaya,34576,N/A,N/A,N/A,N/A,No,N/A,N/A,N/A,N/A,N/A,https://public.emdat.be/,N/A,
HYDRO-19050201-CA-KAZ-0001,HydrologicalHazards,Floods,FlashFlood,flood,KAZ,1,1,Global Disaster Alert and Coordination System (GDACS),Very High,2023,2,1,2023,2,3,Winter,1/6/2026,1/30/2026,N/A,N/A,Central Asia,Kazakhstan,N/A,204,"Turkestan, Sauran, Arys",N/A,98,N/A,N/A,N/A,No,N/A,N/A,N/A,N/A,N/A,https://gdacs.org/,https://global-flood.emergency.copernicus.eu/glofas-forecasting/,
HYDRO-19050322-CA-KAZ-0001,HydrologicalHazards,Floods,FlashFlood,flood,KAZ,1,1,Global Disaster Alert and Coordination System (GDACS),Very High,2023,3,22,2023,3,24,Spring,1/6/2026,1/30/2026,N/A,N/A,Central Asia,Kazakhstan,N/A,160,"Karasu, Kostanay, Aktobe, Karkaraly, Bukhar-Zhyrau, Abay",N/A,6,N/A,N/A,N/A,No,N/A,N/A,N/A,N/A,N/A,https://gdacs.org/,https://global-flood.emergency.copernicus.eu/glofas-forecasting/,
HYDRO-19050218-CA-KAZ-0001,HydrologicalHazards,Floods,RiverineFlood,flood,KAZ,1,0.6,EM-DAT,High,2012,2,18,2012,2,20,Winter,1/6/2026,1/30/2026,N/A,N/A,Central Asia,Kazakhstan,N/A,9400,Yujno-kazachstanskaya,N/A,N/A,N/A,N/A,N/A,No,N/A,N/A,N/A,N/A,N/A,https://public.emdat.be/,N/A,
HYDRO-19050220-CA-KAZ-0001,HydrologicalHazards,Floods,RiverineFlood,flood,KAZ,1,0.6,EM-DAT,High,2008,2,20,2008,3,3,Winter,1/6/2026,1/30/2026,51580,km2,Central Asia,Kazakhstan,1,13000,"Yujno-kazachstanskaya, Kyzylordinskaya",130000,N/A,N/A,N/A,N/A,No,N/A,N/A,N/A,N/A,N/A,https://public.emdat.be/,N/A,
HYDRO-19050224-CA-KAZ-0001,HydrologicalHazards,Floods,FlashFlood,flood,KAZ,1,0.6,EM-DAT,High,2005,2,24,2005,3,23,Winter,1/6/2026,1/30/2026,N/A,N/A,Central Asia,Kazakhstan,N/A,25000,Kyzylordinskaya,7662,N/A,N/A,N/A,N/A,No,N/A,N/A,N/A,N/A,N/A,https://public.emdat.be/,N/A,
HYDRO-19050309-CA-KAZ-0001,HydrologicalHazards,Floods,FlashFlood,flood,KAZ,1,0.6,EM-DAT,High,2018,3,9,2018,3,14,Spring,1/6/2026,1/30/2026,331425.2,km2,Central Asia,Kazakhstan,N/A,400,"Ayagoz, Glubokoye, Kurshim, Zaisan, Urzhar",N/A,N/A,N/A,N/A,N/A,No,N/A,N/A,N/A,N/A,N/A,https://public.emdat.be/,N/A,
HYDRO-19050311-CA-KAZ-0001,HydrologicalHazards,Floods,RiverineFlood,flood,KAZ,1,1,ReliefWeb,Very High,2010,3,11,2010,3,24,Spring,1/6/2026,1/30/2026,N/A,N/A,Central Asia,Kazakhstan,37,10000,"Tarbagatay, Abay, Kurchum, Zaysan, Ulan",N/A,N/A,2024,1000,N/A,No,N/A,N/A,N/A,8,N/A,https://reliefweb.int/attachments/a010a862-8491-33f4-ae70-075ecd04e928/F4508E4B3E1E97BFC12576F000334F7F-Full_Report.pdf,https://www.glidenumber.net/glide/public/search/search.jsp,
HYDRO-19050317-CA-KAZ-0001,HydrologicalHazards,Floods,RiverineFlood,flood,KAZ,1,0.6,EM-DAT,High,2010,3,17,2010,3,24,Spring,1/6/2026,1/30/2026,N/A,N/A,Central Asia,Kazakhstan,N/A,13000,Vostochno-kazachstanskaya,N/A,N/A,N/A,N/A,N/A,No,N/A,N/A,N/A,N/A,N/A,https://public.emdat.be/,N/A,
HYDRO-19050331-CA-KAZ-0001,HydrologicalHazards,Floods,FlashFlood,flood,KAZ,1,1,Global Disaster Alert and Coordination System (GDACS),Very High,2022,3,31,2022,4,2,Spring,1/6/2026,1/30/2026,N/A,N/A,Central Asia,Kazakhstan,N/A,1165,"Mangystau, West Kazakhstan, Aktobe, Akmola, Karaganda, Pavlodar ",N/A,270,N/A,N/A,N/A,No,N/A,N/A,N/A,N/A,N/A,https://gdacs.org/,https://floodobservatory.colorado.edu/wiki/FloodRecords,
HYDRO-19050323-CA-KAZ-0001,HydrologicalHazards,Floods,FlashFlood,flood,KAZ,1,0.6,EM-DAT,High,2014,3,23,2014,4,15,Spring,1/6/2026,1/30/2026,213897,km2,Central Asia,Kazakhstan,5,2709,"Bukhar-Zhyrau, Karagandinskaya",N/A,N/A,N/A,N/A,N/A,No,N/A,N/A,N/A,N/A,N/A,https://public.emdat.be/,N/A,
HYDRO-19050514-CA-KAZ-0001,HydrologicalHazards,Floods,FlashFlood,flood,KAZ,1,1,Global Disaster Alert and Coordination System (GDACS),Very High,2022,5,14,2022,5,16,Spring,1/6/2026,1/30/2026,N/A,N/A,Central Asia,Kazakhstan,1,N/A,Tekeli,N/A,N/A,1,2,N/A,No,N/A,N/A,N/A,N/A,N/A,https://gdacs.org/,https://global-flood.emergency.copernicus.eu/glofas-forecasting/,
HYDRO-19050430-CA-KAZ-0001,HydrologicalHazards,Floods,FlashFlood,flood,KAZ,1,1,Global Disaster Alert and Coordination System (GDACS),Very High,2020,4,30,2020,5,2,Spring,1/6/2026,1/30/2026,N/A,N/A,Central Asia,Kazakhstan,N/A,5400,Maktaaral,N/A,N/A,N/A,N/A,N/A,No,N/A,N/A,N/A,N/A,N/A,https://gdacs.org/,https://global-flood.emergency.copernicus.eu/glofas-forecasting/,
HYDRO-19050401-CA-KAZ-0001,HydrologicalHazards,Floods,FlashFlood,flood,KAZ,1,0.6,EM-DAT,High,2000,4,1,2000,4,0,Spring,1/6/2026,1/30/2026,108,km2,Central Asia,Kazakhstan,N/A,2500,Kustanayskaya,1500,N/A,N/A,N/A,N/A,No,N/A,N/A,N/A,N/A,N/A,https://public.emdat.be/,N/A,
HYDRO-19050403-CA-KAZ-0001,HydrologicalHazards,Floods,FlashFlood,flood,KAZ,1,0.6,EM-DAT,High,2024,4,3,2024,4,12,Spring,1/6/2026,1/30/2026,N/A,N/A,Central Asia,Kazakhstan,2,120000,"Aktobe, Kostanay, Karaganda, Akmola, Atyrau, Pavlodar, Abay, lytau, Aktyubinskaya, Zapadno-kazachstanskaya",N/A,N/A,N/A,N/A,N/A,No,N/A,N/A,N/A,N/A,N/A,https://public.emdat.be/,N/A,
HYDRO-19050408-CA-KAZ-0001,HydrologicalHazards,Floods,FlashFlood,flood,KAZ,1,0.6,EM-DAT,High,2015,4,8,2015,4,12,Spring,1/6/2026,1/30/2026,N/A,N/A,Central Asia,Kazakhstan,2,12670,"Temirtaou, Karagandinskaya, Akmolinskaya, Pavlodarskaya",5300,N/A,N/A,N/A,N/A,No,N/A,N/A,N/A,N/A,N/A,https://public.emdat.be/,N/A,
HYDRO-19050409-CA-KAZ-0001,HydrologicalHazards,Floods,RiverineFlood,flood,KAZ,1,0.6,EM-DAT,High,2011,4,9,2011,4,15,Spring,1/6/2026,1/30/2026,213195,km2,Central Asia,Kazakhstan,2,16000,"Oural, Zapadno-kazachstanskaya",67000,N/A,N/A,N/A,N/A,No,N/A,N/A,N/A,N/A,N/A,https://public.emdat.be/,N/A,
HYDRO-19050412-CA-KAZ-0001,HydrologicalHazards,Floods,RiverineFlood,flood,KAZ,1,0.6,Glide,High,2011,4,12,2011,0,0,Spring,1/6/2026,1/30/2026,N/A,N/A,Central Asia,Kazakhstan,N/A,N/A,"Zelenovsky, Taskalinsky, Terektinsky, Chingirlausky ",N/A,N/A,N/A,N/A,N/A,No,N/A,N/A,N/A,N/A,N/A,https://www.glidenumber.net/glide/public/search/search.jsp,N/A,
HYDRO-19050414-CA-KAZ-0001,HydrologicalHazards,Floods,RiverineFlood,flood,KAZ,1,0.6,EM-DAT,High,2017,4,14,2017,4,21,Spring,1/6/2026,1/30/2026,397487.7,km2,Central Asia,Kazakhstan,N/A,7000,"Atsbasar, Aktobe, Zhambyl, Karaganda, Kostanay",N/A,N/A,N/A,N/A,N/A,No,N/A,N/A,N/A,N/A,N/A,https://public.emdat.be/,N/A,
HYDRO-19050420-CA-KAZ-0001,HydrologicalHazards,Droughts,Drought,drought,KAZ,1,1,Global Disaster Alert and Coordination System (GDACS),Very High,2021,4,20,2021,7,16,Spring,1/6/2026,1/30/2026,N/A,N/A,Central Asia,Kazakhstan,N/A,N/A,Kazakhstan,N/A,N/A,N/A,N/A,N/A,No,N/A,N/A,N/A,N/A,N/A,https://gdacs.org/,https://drought.emergency.copernicus.eu/tumbo/gdo/map/,
HYDRO-19050420-CA-KAZ-0001,HydrologicalHazards,Droughts,Drought,drought,KAZ,1,1,Global Disaster Alert and Coordination System (GDACS),Very High,2020,4,20,2020,9,6,Spring,1/6/2026,1/30/2026,N/A,N/A,Central Asia,Kazakhstan,N/A,N/A,Kazakhstan,N/A,N/A,N/A,N/A,N/A,No,N/A,N/A,N/A,N/A,N/A,https://gdacs.org/,https://drought.emergency.copernicus.eu/tumbo/gdo/map/,
HYDRO-19050420-CA-KAZ-0001,HydrologicalHazards,Droughts,Drought,drought,KAZ,1,1,Global Disaster Alert and Coordination System (GDACS),Very High,2018,4,20,2018,11,24,Spring,1/6/2026,1/30/2026,N/A,N/A,Central Asia,Kazakhstan,N/A,N/A,Kazakhstan,N/A,N/A,N/A,N/A,N/A,No,N/A,N/A,N/A,N/A,N/A,https://gdacs.org/,https://drought.emergency.copernicus.eu/tumbo/gdo/map/,
HYDRO-19050421-CA-KAZ-0001,HydrologicalHazards,Droughts,Drought,drought,KAZ,1,0.6,Glide,High,2023,4,21,2023,9,21,Spring,1/6/2026,1/30/2026,N/A,N/A,Central Asia,Kazakhstan,N/A,N/A,Kazakhstan,N/A,N/A,N/A,N/A,N/A,No,N/A,N/A,N/A,N/A,N/A,https://www.glidenumber.net/glide/public/search/search.jsp,N/A,
HYDRO-19050331-CA-KAZ-0001,HydrologicalHazards,Floods,FlashFlood,flood,KAZ,1,1,Global Disaster Alert and Coordination System (GDACS),Very High,2011,3,31,2011,4,19,Spring,1/6/2026,1/30/2026,N/A,N/A,Central Asia,Kazakhstan,1,9000,"Taskalinskly, Zelenovskly, Terektinskly, Chingirlauskly",N/A,8625,N/A,N/A,300 km roads,No,N/A,N/A,N/A,117,N/A,https://reliefweb.int/map/kazakhstan/kazakhstan-floods-19-apr-2011-location-map,https://reliefweb.int/sites/reliefweb.int/files/resources/Full_Report_246.pdf,
HYDRO-19050501-CA-KAZ-0001,HydrologicalHazards,Floods,FlashFlood,flood,KAZ,1,0.6,EM-DAT,High,2020,5,1,2020,5,4,Spring,1/6/2026,1/30/2026,N/A,N/A,Central Asia,Kazakhstan,N/A,33000,Turkestan,N/A,N/A,N/A,N/A,N/A,No,N/A,N/A,N/A,N/A,N/A,https://public.emdat.be/,N/A,
HYDRO-19050513-CA-KAZ-0001,HydrologicalHazards,Floods,FlashFlood,flood,KAZ,1,0.6,EM-DAT,High,2001,5,13,2001,5,13,Spring,1/6/2026,1/30/2026,N/A,N/A,Central Asia,Kazakhstan,N/A,3668,Vostochno-kazachstanskaya,N/A,N/A,N/A,N/A,N/A,No,N/A,N/A,N/A,N/A,N/A,https://public.emdat.be/,N/A,
HYDRO-19050129-CA-KAZ-0001,HydrologicalHazards,Floods,FlashFlood,flood,KAZ,1,1,Global Disaster Alert and Coordination System (GDACS),Very High,2004,1,29,2004,3,2,Winter,1/6/2026,1/30/2026,N/A,N/A,Central Asia,Kazakhstan,N/A,N/A,Kzyl-Orda,N/A,N/A,N/A,N/A,N/A,No,N/A,N/A,N/A,N/A,N/A,https://gdacs.org/,https://www.adrc.asia/view_disaster_en.php?Lang=en&Key=688,
HYDRO-19050520-CA-KAZ-0001,HydrologicalHazards,Droughts,Drought,drought,KAZ,1,1,Global Disaster Alert and Coordination System (GDACS),Very High,2020,5,20,2021,2,9,Spring,1/6/2026,1/30/2026,N/A,N/A,Central Asia,Kazakhstan,N/A,N/A,Kazakhstan,N/A,N/A,N/A,N/A,N/A,No,N/A,N/A,N/A,N/A,N/A,https://gdacs.org/,https://drought.emergency.copernicus.eu/tumbo/gdo/map/,
HYDRO-19050520-CA-KAZ-0001,HydrologicalHazards,Droughts,Drought,drought,KAZ,1,1,Global Disaster Alert and Coordination System (GDACS),Very High,2019,5,20,2019,9,8,Spring,1/6/2026,1/30/2026,N/A,N/A,Central Asia,Kazakhstan,N/A,N/A,Kazakhstan,N/A,N/A,N/A,N/A,N/A,No,N/A,N/A,N/A,N/A,N/A,https://gdacs.org/,https://drought.emergency.copernicus.eu/tumbo/gdo/map/,
HYDRO-19050526-CA-KAZ-0001,HydrologicalHazards,Floods,RiverineFlood,flood,KAZ,1,0.6,EM-DAT,High,1993,5,26,1993,6,4,Spring,1/6/2026,1/30/2026,213200,km2,Central Asia,Kazakhstan,10,30000,"Atyrauskaya, Zapadna-Kazakhstanskaya, Aktjubinskaya",36532,N/A,N/A,N/A,N/A,No,N/A,N/A,N/A,N/A,N/A,https://public.emdat.be/,N/A,
HYDRO-19050601-CA-KAZ-0001,HydrologicalHazards,Droughts,Drought,drought,KAZ,1,0.6,EM-DAT,High,2021,6,1,2021,7,31,Summer,1/6/2026,1/30/2026,N/A,N/A,Central Asia,Kazakhstan,N/A,71000,"Mangistau, Turkestan, Kyzylorda",N/A,N/A,N/A,N/A,N/A,No,N/A,N/A,N/A,N/A,N/A,https://public.emdat.be/,N/A,
HYDRO-19050820-CA-KAZ-0001,HydrologicalHazards,Droughts,Drought,drought,KAZ,1,1,Global Disaster Alert and Coordination System (GDACS),Very High,2018,8,20,2018,10,19,Summer,1/6/2026,1/30/2026,N/A,N/A,Central Asia,Kazakhstan,N/A,N/A,Kazakhstan,N/A,N/A,N/A,N/A,N/A,No,N/A,N/A,N/A,N/A,N/A,https://gdacs.org/,https://drought.emergency.copernicus.eu/tumbo/gdo/map/,
HYDRO-19050920-CA-KAZ-0001,HydrologicalHazards,Droughts,Drought,drought,KAZ,1,1,Global Disaster Alert and Coordination System (GDACS),Very High,2023,9,20,2024,1,19,Autumn,1/6/2026,1/30/2026,N/A,N/A,Central Asia,Kazakhstan,N/A,N/A,Kazakhstan,N/A,N/A,N/A,N/A,N/A,No,N/A,N/A,N/A,N/A,N/A,https://gdacs.org/,https://drought.emergency.copernicus.eu/tumbo/gdo/map/,
HYDRO-19051020-CA-KAZ-0001,HydrologicalHazards,Droughts,Drought,drought,KAZ,1,1,Global Disaster Alert and Coordination System (GDACS),Very High,2024,10,20,2026,1,2,Autumn,1/6/2026,1/30/2026,N/A,N/A,Central Asia,Kazakhstan,N/A,N/A,Kazakhstan,N/A,N/A,N/A,N/A,N/A,No,N/A,N/A,N/A,N/A,N/A,https://gdacs.org/,https://drought.emergency.copernicus.eu/tumbo/gdo/map/,
HYDRO-19051020-CA-KAZ-0001,HydrologicalHazards,Droughts,Drought,drought,KAZ,1,1,Global Disaster Alert and Coordination System (GDACS),Very High,2021,10,20,2024,7,2,Autumn,1/6/2026,1/30/2026,N/A,N/A,Central Asia,Kazakhstan,N/A,N/A,Kazakhstan,N/A,N/A,N/A,N/A,N/A,No,N/A,N/A,N/A,N/A,N/A,https://gdacs.org/,https://drought.emergency.copernicus.eu/tumbo/gdo/map/,
HYDRO-19051020-CA-KAZ-0001,HydrologicalHazards,Droughts,Drought,drought,KAZ,1,1,Global Disaster Alert and Coordination System (GDACS),Very High,2020,10,20,2022,9,27,Autumn,1/6/2026,1/30/2026,N/A,N/A,Central Asia,Kazakhstan,N/A,N/A,Kazakhstan,N/A,N/A,N/A,N/A,N/A,No,N/A,N/A,N/A,N/A,N/A,https://gdacs.org/,https://drought.emergency.copernicus.eu/tumbo/gdo/map/,
HYDRO-19051220-CA-KAZ-0001,HydrologicalHazards,Droughts,Drought,drought,KAZ,1,1,Global Disaster Alert and Coordination System (GDACS),Very High,2024,12,20,2025,5,29,Winter,1/6/2026,1/30/2026,N/A,N/A,Central Asia,Kazakhstan,N/A,N/A,Kazakhstan,N/A,N/A,N/A,N/A,N/A,No,N/A,N/A,N/A,N/A,N/A,https://gdacs.org/,https://drought.emergency.copernicus.eu/tumbo/gdo/map/,
HYDRO-19051220-CA-KAZ-0001,HydrologicalHazards,Droughts,Drought,drought,KAZ,1,1,Global Disaster Alert and Coordination System (GDACS),Very High,2018,12,20,2019,4,5,Winter,1/6/2026,1/30/2026,N/A,N/A,Central Asia,Kazakhstan,N/A,N/A,Kazakhstan,N/A,N/A,N/A,N/A,N/A,No,N/A,N/A,N/A,N/A,N/A,https://gdacs.org/,https://drought.emergency.copernicus.eu/tumbo/gdo/map/,
MET-19050101-CA-KAZ-0001,MeteorologicalHazards,ExtremeTemperature,Cold Wave,extreme_temperature,KAZ,1,0.6,EM-DAT,High,2001,1,1,2001,1,0,Winter,1/6/2026,1/30/2026,-47,Celcius,Central Asia,Kazakhstan,3,12,"Ulan, Vostochno-kazachstanskaya",N/A,N/A,N/A,N/A,N/A,No,N/A,N/A,N/A,N/A,N/A,https://public.emdat.be/,N/A,
MET-19050404-CA-KAZ-0001,MeteorologicalHazards,Fires,ForestFires,fire,KAZ,1,1,Global Disaster Alert and Coordination System (GDACS),Very High,2025,4,4,2025,4,4,Spring,1/6/2026,1/30/2026,6635,Hectar,Central Asia,Kazakhstan,N/A,2,"Oktyabrskiy, Tobol, Amankaragay, Semiozërnoye, Rudnyy, Kustanay, Zatobolsk",N/A,N/A,N/A,N/A,N/A,No,N/A,N/A,N/A,N/A,N/A,https://gdacs.org/,https://gwis.jrc.ec.europa.eu/apps/gwis_current_situation/index.html,
MET-19050831-CA-KAZ-0001,MeteorologicalHazards,Fires,ForestFires,fire,KAZ,1,1,Global Disaster Alert and Coordination System (GDACS),Very High,2025,8,31,2025,8,31,Summer,1/6/2026,1/30/2026,6713,Hectar,Central Asia,Kazakhstan,N/A,N/A,Ural'sk,N/A,N/A,N/A,N/A,N/A,No,N/A,N/A,N/A,N/A,N/A,https://gdacs.org/,https://gwis.jrc.ec.europa.eu/apps/gwis_current_situation/index.html,
MET-19051003-CA-KAZ-0001,MeteorologicalHazards,Fires,ForestFires,fire,KAZ,1,1,Global Disaster Alert and Coordination System (GDACS),Very High,2025,10,3,2025,10,7,Autumn,1/6/2026,1/30/2026,8121,Hectar,Central Asia,Kazakhstan,N/A,N/A,Dzhambul,N/A,N/A,N/A,N/A,N/A,No,N/A,N/A,N/A,N/A,N/A,https://gdacs.org/,https://gwis.jrc.ec.europa.eu/apps/gwis_current_situation/index.html,
MET-19050306-CA-KAZ-0001,MeteorologicalHazards,Fires,ForestFires,fire,KAZ,1,1,Global Disaster Alert and Coordination System (GDACS),Very High,2024,3,6,2024,3,7,Spring,1/6/2026,1/30/2026,5213,Hectar,Central Asia,Kazakhstan,N/A,N/A,Gur'yev,N/A,N/A,N/A,N/A,N/A,No,N/A,N/A,N/A,N/A,N/A,https://gdacs.org/,https://gwis.jrc.ec.europa.eu/apps/gwis_current_situation/index.html,
MET-19050311-CA-KAZ-0001,MeteorologicalHazards,Fires,ForestFires,fire,KAZ,1,1,Global Disaster Alert and Coordination System (GDACS),Very High,2024,3,11,2024,3,14,Spring,1/6/2026,1/30/2026,6631,Hectar,Central Asia,Kazakhstan,N/A,1,Gur'yev,N/A,N/A,N/A,N/A,N/A,No,N/A,N/A,N/A,N/A,N/A,https://www.gdacs.org/Wildfires/report.aspx?eventtype=WF&eventid=1019521&episodeid=1,https://gwis.jrc.ec.europa.eu/apps/gwis_current_situation/index.html,
MET-19051005-CA-KAZ-0001,MeteorologicalHazards,Fires,ForestFires,fire,KAZ,1,1,Global Disaster Alert and Coordination System (GDACS),Very High,2024,10,5,2024,10,7,Autumn,1/6/2026,1/30/2026,13213,Hectar,Central Asia,Kazakhstan,N/A,49,"Karaganda, Bayanaul, Karkaralinsk, Pavlodar",N/A,N/A,N/A,N/A,N/A,No,N/A,N/A,N/A,N/A,N/A,https://www.gdacs.org/Wildfires/report.aspx?eventtype=WF&eventid=1022600&episodeid=2,https://gwis.jrc.ec.europa.eu/apps/gwis_current_situation/index.html,
MET-19050316-CA-KAZ-0001,MeteorologicalHazards,Fires,ForestFires,fire,KAZ,1,1,Global Disaster Alert and Coordination System (GDACS),Very High,2023,3,16,2023,3,27,Spring,1/6/2026,1/30/2026,6606,Hectar,Central Asia,Kazakhstan,N/A,1535,"Kzyl-Orda, Chili, Yanykurgan",N/A,N/A,N/A,N/A,N/A,No,N/A,N/A,N/A,N/A,N/A,https://gdacs.org/,https://gwis.jrc.ec.europa.eu/apps/gwis_current_situation/index.html,
MET-19050329-CA-KAZ-0001,MeteorologicalHazards,Fires,ForestFires,fire,KAZ,1,1,Global Disaster Alert and Coordination System (GDACS),Very High,2023,3,29,2023,4,3,Spring,1/6/2026,1/30/2026,7440,Hectar,Central Asia,Kazakhstan,N/A,N/A,"Taldy Kurgan, Semipalatinsk, Almaty, Shyghys Qazaqstan, Ucharal, Dzerzhinskoye,  Gerasimovka, Urdzhar",N/A,N/A,N/A,N/A,N/A,No,N/A,N/A,N/A,N/A,N/A,https://gdacs.org/,https://gwis.jrc.ec.europa.eu/apps/gwis_current_situation/index.html,
MET-19050403-CA-KAZ-0001,MeteorologicalHazards,Fires,ForestFires,fire,KAZ,1,1,Global Disaster Alert and Coordination System (GDACS),Very High,2023,4,3,2023,4,8,Spring,1/6/2026,1/30/2026,5553,Hectar,Central Asia,Kazakhstan,N/A,N/A,"Pavlodar, Yermak, Rozhdestvenka, Uspenka",N/A,N/A,N/A,N/A,N/A,No,N/A,N/A,N/A,N/A,N/A,https://www.gdacs.org/Wildfires/report.aspx?eventtype=WF&eventid=1013335&episodeid=2,https://gwis.jrc.ec.europa.eu/apps/gwis_current_situation/index.html,
MET-19050407-CA-KAZ-0001,MeteorologicalHazards,Fires,ForestFires,fire,KAZ,1,1,Global Disaster Alert and Coordination System (GDACS),Very High,2023,4,7,2023,4,11,Spring,1/6/2026,1/30/2026,6252,Hectar,Central Asia,Kazakhstan,N/A,N/A,"Kustanay, Leninskoye, Borovskoy, Uritskiy, Vladimirovka",N/A,N/A,N/A,N/A,N/A,No,N/A,N/A,N/A,N/A,N/A,https://www.gdacs.org/Wildfires/report.aspx?eventtype=WF&eventid=1013394&episodeid=2,https://gwis.jrc.ec.europa.eu/apps/gwis_current_situation/index.html,
MET-19050416-CA-KAZ-0001,MeteorologicalHazards,Fires,ForestFires,fire,KAZ,1,1,Global Disaster Alert and Coordination System (GDACS),Very High,2023,4,16,2023,5,4,Spring,1/6/2026,1/30/2026,24799,Hectar,Central Asia,Kazakhstan,N/A,4,"Alma-Ata, Dzhezkazgan, Balkhash",N/A,N/A,N/A,N/A,N/A,No,N/A,N/A,N/A,N/A,N/A,https://www.gdacs.org/Wildfires/report.aspx?eventtype=WF&eventid=1013630&episodeid=17,https://gwis.jrc.ec.europa.eu/apps/gwis_current_situation/index.html,
MET-19050506-CA-KAZ-0001,MeteorologicalHazards,Fires,ForestFires,fire,KAZ,1,1,Global Disaster Alert and Coordination System (GDACS),Very High,2023,5,6,2023,5,11,Spring,1/6/2026,1/30/2026,10227,Hectar,Central Asia,Kazakhstan,N/A,N/A,"Semipalatinsk, Ucharal, Urdzhar, Dzerzhinskoye, Gerasimovka",N/A,N/A,N/A,N/A,N/A,No,N/A,N/A,N/A,N/A,N/A,https://www.gdacs.org/report.aspx?eventid=1014138&episodeid=4&eventtype=WF,https://gwis.jrc.ec.europa.eu/apps/gwis_current_situation/index.html,
MET-19050517-CA-KAZ-0001,MeteorologicalHazards,Fires,ForestFires,fire,KAZ,1,1,Global Disaster Alert and Coordination System (GDACS),Very High,2023,5,17,2023,5,25,Spring,1/6/2026,1/30/2026,8849,Hectar,Central Asia,Kazakhstan,N/A,N/A,"Semipalatinsk, Krasnyy Aul, Novaya Shulba",N/A,N/A,N/A,N/A,N/A,No,N/A,N/A,N/A,N/A,N/A,https://www.gdacs.org/report.aspx?eventid=1014400&episodeid=5&eventtype=WF,https://gwis.jrc.ec.europa.eu/apps/gwis_current_situation/index.html,
MET-19050607-CA-KAZ-0001,MeteorologicalHazards,Fires,ForestFires,fire,KAZ,1,1,Global Disaster Alert and Coordination System (GDACS),Very High,2023,6,7,2023,6,15,Summer,1/6/2026,1/30/2026,57998,Hectar,Central Asia,Kazakhstan,N/A,N/A,"Semipalatinsk, Novaya Shulba, Semipalatinsk, Semey, Krasnyy Aul, Charsk",N/A,N/A,N/A,N/A,N/A,No,N/A,N/A,N/A,N/A,N/A,https://www.gdacs.org/report.aspx?eventid=1014723&episodeid=7&eventtype=WF,https://gwis.jrc.ec.europa.eu/apps/gwis_current_situation/index.html,
MET-19050713-CA-KAZ-0001,MeteorologicalHazards,Fires,ForestFires,fire,KAZ,1,1,Global Disaster Alert and Coordination System (GDACS),Very High,2023,7,13,2023,7,18,Summer,1/6/2026,1/30/2026,5481,Hectar,Central Asia,Kazakhstan,N/A,N/A,"Dzhezkazgan, Aksu Ayuly",N/A,N/A,N/A,N/A,N/A,No,N/A,N/A,N/A,N/A,N/A,https://www.gdacs.org/Wildfires/report.aspx?eventtype=WF&eventid=1015858&episodeid=1,https://gwis.jrc.ec.europa.eu/apps/gwis_current_situation/index.html,
MET-19050718-CA-KAZ-0001,MeteorologicalHazards,Fires,ForestFires,fire,KAZ,1,1,Global Disaster Alert and Coordination System (GDACS),Very High,2023,7,18,2023,7,18,Summer,1/6/2026,1/30/2026,5692,Hectar,Central Asia,Kazakhstan,N/A,N/A,"Tselinograd, Bestobe, Turgay",N/A,N/A,N/A,N/A,N/A,No,N/A,N/A,N/A,N/A,N/A,https://www.gdacs.org/Wildfires/report.aspx?eventtype=WF&eventid=1015848&episodeid=1,https://gwis.jrc.ec.europa.eu/apps/gwis_current_situation/index.html,
MET-19050403-CA-KAZ-0001,MeteorologicalHazards,Fires,ForestFires,fire,KAZ,1,1,Global Disaster Alert and Coordination System (GDACS),Very High,2022,4,3,2022,4,14,Spring,1/6/2026,1/30/2026,7144,Hectar,Central Asia,Kazakhstan,N/A,N/A,"Alma-Ata, Aksuyek",N/A,N/A,N/A,N/A,N/A,No,N/A,N/A,N/A,N/A,N/A,https://www.gdacs.org/Wildfires/report.aspx?eventtype=WF&eventid=1005356&episodeid=7,https://gwis.jrc.ec.europa.eu/apps/gwis_current_situation/index.html,
MET-19050404-CA-KAZ-0001,MeteorologicalHazards,Fires,ForestFires,fire,KAZ,1,1,Global Disaster Alert and Coordination System (GDACS),Very High,2022,4,4,2022,4,6,Spring,1/6/2026,1/30/2026,5062,Hectar,Central Asia,Kazakhstan,N/A,N/A,"Semipalatinsk, Ucharal, Urdzhar, Dzerzhinskoye, Gerasimovka",N/A,N/A,N/A,N/A,N/A,No,N/A,N/A,N/A,N/A,N/A,https://www.gdacs.org/Wildfires/report.aspx?eventtype=WF&eventid=1005263&episodeid=1,https://gwis.jrc.ec.europa.eu/apps/gwis_current_situation/index.html,
MET-19050405-CA-KAZ-0001,MeteorologicalHazards,Fires,ForestFires,fire,KAZ,1,1,Global Disaster Alert and Coordination System (GDACS),Very High,2022,4,5,2022,4,16,Spring,1/6/2026,1/30/2026,5989,Hectar,Central Asia,Kazakhstan,N/A,N/A,Petropavlovsk,N/A,N/A,N/A,N/A,N/A,No,N/A,N/A,N/A,N/A,N/A,https://www.gdacs.org/Wildfires/report.aspx?eventtype=WF&eventid=1005644&episodeid=2,https://gwis.jrc.ec.europa.eu/apps/gwis_current_situation/index.html,
MET-19050409-CA-KAZ-0001,MeteorologicalHazards,Fires,ForestFires,fire,KAZ,1,1,Global Disaster Alert and Coordination System (GDACS),Very High,2022,4,9,2022,4,21,Spring,1/6/2026,1/30/2026,5567,Hectar,Central Asia,Kazakhstan,N/A,N/A,Alma-Ata,N/A,N/A,N/A,N/A,N/A,No,N/A,N/A,N/A,N/A,N/A,https://www.gdacs.org/Wildfires/report.aspx?eventtype=WF&eventid=1005802&episodeid=2,https://gwis.jrc.ec.europa.eu/apps/gwis_current_situation/index.html,
MET-19050411-CA-KAZ-0001,MeteorologicalHazards,Fires,ForestFires,fire,KAZ,1,1,Global Disaster Alert and Coordination System (GDACS),Very High,2022,4,11,2022,4,22,Spring,1/6/2026,1/30/2026,13837,Hectar,Central Asia,Kazakhstan,N/A,N/A,"Alma-Ata, Dzhezkazgan, Balkhash",N/A,N/A,N/A,N/A,N/A,No,N/A,N/A,N/A,N/A,N/A,https://gdacs.org/,https://gwis.jrc.ec.europa.eu/apps/gwis_current_situation/index.html,
MET-19050427-CA-KAZ-0001,MeteorologicalHazards,Fires,ForestFires,fire,KAZ,1,1,Global Disaster Alert and Coordination System (GDACS),Very High,2022,4,27,2022,4,29,Spring,1/6/2026,1/30/2026,6070,Hectar,Central Asia,Kazakhstan,N/A,N/A,"Semipalatinsk, Kokpekty",N/A,N/A,N/A,N/A,N/A,No,N/A,N/A,N/A,N/A,N/A,https://www.gdacs.org/Wildfires/report.aspx?eventtype=WF&eventid=1005892&episodeid=2,https://gwis.jrc.ec.europa.eu/apps/gwis_current_situation/index.html,
MET-19050505-CA-KAZ-0001,MeteorologicalHazards,Fires,ForestFires,fire,KAZ,1,1,Global Disaster Alert and Coordination System (GDACS),Very High,2022,5,5,2022,5,8,Spring,1/6/2026,1/30/2026,5231,Hectar,Central Asia,Kazakhstan,N/A,N/A,"Taldy Kurgan, Ucharal",N/A,N/A,N/A,N/A,N/A,No,N/A,N/A,N/A,N/A,N/A,https://www.gdacs.org/Wildfires/report.aspx?eventtype=WF&eventid=1006045&episodeid=1,https://gwis.jrc.ec.europa.eu/apps/gwis_current_situation/index.html,
MET-19050610-CA-KAZ-0001,MeteorologicalHazards,Fires,ForestFires,fire,KAZ,1,1,Global Disaster Alert and Coordination System (GDACS),Very High,2022,6,10,2022,6,19,Summer,1/6/2026,1/30/2026,13160,Hectar,Central Asia,Kazakhstan,N/A,N/A,"Karaganda, Karkaralinsk, Bayanaul",N/A,N/A,N/A,N/A,N/A,No,N/A,N/A,N/A,N/A,N/A,https://www.gdacs.org/Wildfires/report.aspx?eventtype=WF&eventid=1006409&episodeid=1,https://gwis.jrc.ec.europa.eu/apps/gwis_current_situation/index.html,
MET-19050626-CA-KAZ-0001,MeteorologicalHazards,Fires,ForestFires,fire,KAZ,1,1,Global Disaster Alert and Coordination System (GDACS),Very High,2022,6,26,2022,7,3,Summer,1/6/2026,1/30/2026,21592,Hectar,Central Asia,Kazakhstan,N/A,3,"Dzhezkazgan, Karsakpay",N/A,N/A,N/A,N/A,N/A,No,N/A,N/A,N/A,N/A,N/A,https://www.gdacs.org/Wildfires/report.aspx?eventtype=WF&eventid=1006942&episodeid=3,https://gwis.jrc.ec.europa.eu/apps/gwis_current_situation/index.html,
MET-19050626-CA-KAZ-0002,MeteorologicalHazards,Fires,ForestFires,fire,KAZ,1,1,Global Disaster Alert and Coordination System (GDACS),Very High,2022,6,26,2022,6,28,Summer,1/6/2026,1/30/2026,10245,Hectar,Central Asia,Kazakhstan,N/A,N/A,Semipalatinsk,N/A,N/A,N/A,N/A,N/A,No,N/A,N/A,N/A,N/A,N/A,https://www.gdacs.org/Wildfires/report.aspx?eventtype=WF&eventid=1006834&episodeid=1,https://gwis.jrc.ec.europa.eu/apps/gwis_current_situation/index.html,
MET-19050703-CA-KAZ-0001,MeteorologicalHazards,Fires,ForestFires,fire,KAZ,1,1,Global Disaster Alert and Coordination System (GDACS),Very High,2022,7,3,2022,7,3,Summer,1/6/2026,1/30/2026,5271,Hectar,Central Asia,Kazakhstan,N/A,N/A,"Dzhezkazgan, Karsakpay, Nikolskiy, Dzhezkazgan, Dzhezdy",N/A,N/A,N/A,N/A,N/A,No,N/A,N/A,N/A,N/A,N/A,https://www.gdacs.org/Wildfires/report.aspx?eventtype=WF&eventid=1006972&episodeid=1,https://gwis.jrc.ec.europa.eu/apps/gwis_current_situation/index.html,
MET-19050712-CA-KAZ-0001,MeteorologicalHazards,Fires,ForestFires,fire,KAZ,1,1,Global Disaster Alert and Coordination System (GDACS),Very High,2022,7,12,2022,7,14,Summer,1/6/2026,1/30/2026,6865,Hectar,Central Asia,Kazakhstan,N/A,N/A,"Dzhezkazgan, Akchatau",N/A,N/A,N/A,N/A,N/A,No,N/A,N/A,N/A,N/A,N/A,https://www.gdacs.org/Wildfires/report.aspx?eventtype=WF&eventid=1007215&episodeid=3,https://gwis.jrc.ec.europa.eu/apps/gwis_current_situation/index.html,
MET-19050608-CA-KAZ-0001,MeteorologicalHazards,Fires,WildFires,fire,KAZ,1,0.6,EM-DAT,High,2023,6,8,2023,6,15,Summer,1/6/2026,1/30/2026,N/A,N/A,Central Asia,Kazakhstan,14,300,"Semei Ormany, Abai region",N/A,N/A,N/A,N/A,N/A,No,N/A,N/A,N/A,N/A,N/A,https://public.emdat.be/,N/A,
MET-19050719-CA-KAZ-0001,MeteorologicalHazards,Fires,ForestFires,fire,KAZ,1,1,Global Disaster Alert and Coordination System (GDACS),Very High,2022,7,19,2022,7,20,Summer,1/6/2026,1/30/2026,5312,Hectar,Central Asia,Kazakhstan,N/A,N/A,"Ural'sk, Nizhniy Baskunchak, Verkhniy Baskunchak, Saykhin, Elton",N/A,N/A,N/A,N/A,N/A,No,N/A,N/A,N/A,N/A,N/A,https://www.gdacs.org/Wildfires/report.aspx?eventtype=WF&eventid=1007762&episodeid=1,https://gwis.jrc.ec.europa.eu/apps/gwis_current_situation/index.html,
MET-19050830-CA-KAZ-0001,MeteorologicalHazards,Fires,ForestFires,fire,KAZ,1,1,Global Disaster Alert and Coordination System (GDACS),Very High,2022,8,30,2022,9,1,Summer,1/6/2026,1/30/2026,11142,Hectar,Central Asia,Kazakhstan,N/A,2,Aktyubinsk,N/A,N/A,N/A,N/A,N/A,No,N/A,N/A,N/A,N/A,N/A,https://www.gdacs.org/report.aspx?eventid=1008850&episodeid=2&eventtype=WF,https://gwis.jrc.ec.europa.eu/apps/gwis_current_situation/index.html,
MET-19050831-CA-KAZ-0001,MeteorologicalHazards,Fires,ForestFires,fire,KAZ,1,1,Global Disaster Alert and Coordination System (GDACS),Very High,2022,8,31,2022,9,5,Summer,1/6/2026,1/30/2026,12387,Hectar,Central Asia,Kazakhstan,N/A,N/A,Semipalatinsk,N/A,N/A,N/A,N/A,N/A,No,N/A,N/A,N/A,N/A,N/A,https://www.gdacs.org/Wildfires/report.aspx?eventtype=WF&eventid=1008848&episodeid=3,https://gwis.jrc.ec.europa.eu/apps/gwis_current_situation/index.html,
MET-19050901-CA-KAZ-0001,MeteorologicalHazards,Fires,ForestFires,fire,KAZ,1,1,Global Disaster Alert and Coordination System (GDACS),Very High,2022,9,1,2022,9,6,Autumn,1/6/2026,1/30/2026,6175,Hectar,Central Asia,Kazakhstan,N/A,N/A,Zyryanovsk,N/A,N/A,N/A,N/A,N/A,No,N/A,N/A,N/A,N/A,N/A,https://www.gdacs.org/Wildfires/report.aspx?eventtype=WF&eventid=1009128&episodeid=1,https://gwis.jrc.ec.europa.eu/apps/gwis_current_situation/index.html,
MET-19050901-CA-KAZ-0002,MeteorologicalHazards,Fires,ForestFires,fire,KAZ,1,1,Global Disaster Alert and Coordination System (GDACS),Very High,2022,9,1,2022,9,5,Autumn,1/6/2026,1/30/2026,6580,Hectar,Central Asia,Kazakhstan,N/A,N/A,Karaganda,N/A,N/A,N/A,N/A,N/A,No,N/A,N/A,N/A,N/A,N/A,https://www.gdacs.org/Wildfires/report.aspx?eventtype=WF&eventid=1009079&episodeid=1,https://gwis.jrc.ec.europa.eu/apps/gwis_current_situation/index.html,
MET-19050901-CA-KAZ-0003,MeteorologicalHazards,Fires,ForestFires,fire,KAZ,1,1,Global Disaster Alert and Coordination System (GDACS),Very High,2022,9,1,2022,9,3,Autumn,1/6/2026,1/30/2026,23992,Hectar,Central Asia,Kazakhstan,N/A,167,"Kustanay, Amankaragay, Semiozërnoye, Kushmurun, Rudnyy, Zatobolsk",N/A,N/A,N/A,N/A,N/A,No,N/A,N/A,N/A,N/A,N/A,https://www.gdacs.org/Wildfires/report.aspx?eventtype=WF&eventid=1008921&episodeid=2,https://gwis.jrc.ec.europa.eu/apps/gwis_current_situation/index.html,
MET-19050901-CA-KAZ-0004,MeteorologicalHazards,Fires,ForestFires,fire,KAZ,1,1,Global Disaster Alert and Coordination System (GDACS),Very High,2022,9,1,2022,9,2,Autumn,1/6/2026,1/30/2026,8369,Hectar,Central Asia,Kazakhstan,N/A,N/A,"Aktyubinsk, Akbulak",N/A,N/A,N/A,N/A,N/A,No,N/A,N/A,N/A,N/A,N/A,https://www.gdacs.org/Wildfires/report.aspx?eventtype=WF&eventid=1008887&episodeid=2,https://gwis.jrc.ec.europa.eu/apps/gwis_current_situation/index.html,
MET-19050902-CA-KAZ-0001,MeteorologicalHazards,Fires,ForestFires,fire,KAZ,1,1,Global Disaster Alert and Coordination System (GDACS),Very High,2022,9,2,2022,9,2,Autumn,1/6/2026,1/30/2026,8227,Hectar,Central Asia,Kazakhstan,N/A,N/A,"Aktyubinsk, Dombarovskiy",N/A,N/A,N/A,N/A,N/A,No,N/A,N/A,N/A,N/A,N/A,https://www.gdacs.org/Wildfires/report.aspx?eventtype=WF&eventid=1008919&episodeid=1,https://gwis.jrc.ec.europa.eu/apps/gwis_current_situation/index.html,
MET-19050903-CA-KAZ-0001,MeteorologicalHazards,Fires,ForestFires,fire,KAZ,1,1,Global Disaster Alert and Coordination System (GDACS),Very High,2022,9,3,2022,9,8,Autumn,1/6/2026,1/30/2026,7269,Hectar,Central Asia,Kazakhstan,N/A,N/A,"Dzhezkazgan, Agadyr, Atasu",N/A,N/A,N/A,N/A,N/A,No,N/A,N/A,N/A,N/A,N/A,https://www.gdacs.org/Wildfires/report.aspx?eventtype=WF&eventid=1009071&episodeid=4,https://gwis.jrc.ec.europa.eu/apps/gwis_current_situation/index.html,
MET-19050904-CA-KAZ-0001,MeteorologicalHazards,Fires,ForestFires,fire,KAZ,1,1,Global Disaster Alert and Coordination System (GDACS),Very High,2022,9,4,2022,9,8,Autumn,1/6/2026,1/30/2026,7639,Hectar,Central Asia,Kazakhstan,N/A,N/A,Taldy Kurgan,N/A,N/A,N/A,N/A,N/A,No,N/A,N/A,N/A,N/A,N/A,https://www.gdacs.org/Wildfires/report.aspx?eventtype=WF&eventid=1009165&episodeid=2,https://gwis.jrc.ec.europa.eu/apps/gwis_current_situation/index.html,
MET-19050905-CA-KAZ-0001,MeteorologicalHazards,Fires,ForestFires,fire,KAZ,1,1,Global Disaster Alert and Coordination System (GDACS),Very High,2022,9,5,2022,9,8,Autumn,1/6/2026,1/30/2026,12863,Hectar,Central Asia,Kazakhstan,N/A,N/A,"Dzhezkazgan, Karaganda, Aksu Ayuly, Abay Karabas, Shakhtinsk, Aktas, Agadyr, Saran",N/A,N/A,N/A,N/A,N/A,No,N/A,N/A,N/A,N/A,N/A,https://www.gdacs.org/Wildfires/report.aspx?eventtype=WF&eventid=1009051&episodeid=3,https://gwis.jrc.ec.europa.eu/apps/gwis_current_situation/index.html,
MET-19050905-CA-KAZ-0002,MeteorologicalHazards,Fires,ForestFires,fire,KAZ,1,1,Global Disaster Alert and Coordination System (GDACS),Very High,2022,9,5,2022,9,6,Autumn,1/6/2026,1/30/2026,6048,Hectar,Central Asia,Kazakhstan,N/A,10,"Ayaguz, Semipalatinsk",N/A,N/A,N/A,N/A,N/A,No,N/A,N/A,N/A,N/A,N/A,https://www.gdacs.org/Wildfires/report.aspx?eventtype=WF&eventid=1009112&episodeid=1,https://gwis.jrc.ec.europa.eu/apps/gwis_current_situation/index.html,
MET-19050910-CA-KAZ-0001,MeteorologicalHazards,Fires,ForestFires,fire,KAZ,1,1,Global Disaster Alert and Coordination System (GDACS),Very High,2022,9,10,2022,9,10,Autumn,1/6/2026,1/30/2026,5199,Hectar,Central Asia,Kazakhstan,N/A,N/A,Karaganda,N/A,N/A,N/A,N/A,N/A,No,N/A,N/A,N/A,N/A,N/A,https://www.gdacs.org/Wildfires/report.aspx?eventtype=WF&eventid=1009233&episodeid=1,https://gwis.jrc.ec.europa.eu/apps/gwis_current_situation/index.html,
MET-19050407-CA-KAZ-0001,MeteorologicalHazards,Fires,ForestFires,fire,KAZ,1,1,Global Disaster Alert and Coordination System (GDACS),Very High,2021,4,7,2021,4,18,Spring,1/6/2026,1/30/2026,6379,Hectar,Central Asia,Kazakhstan,N/A,N/A,Taldy Kurgan,N/A,N/A,N/A,N/A,N/A,No,N/A,N/A,N/A,N/A,N/A,https://www.gdacs.org/Wildfires/report.aspx?eventtype=WF&eventid=1000011&episodeid=2,https://gwis.jrc.ec.europa.eu/apps/gwis_current_situation/index.html,
MET-19050407-CA-KAZ-0002,MeteorologicalHazards,Fires,ForestFires,fire,KAZ,1,1,Global Disaster Alert and Coordination System (GDACS),Very High,2021,4,7,2021,4,16,Spring,1/6/2026,1/30/2026,5776,Hectar,Central Asia,Kazakhstan,N/A,N/A,"Kokpekty, Semipalatinsk",N/A,N/A,N/A,N/A,N/A,No,N/A,N/A,N/A,N/A,N/A,https://www.gdacs.org/Wildfires/report.aspx?eventtype=WF&eventid=1000010&episodeid=1,https://gwis.jrc.ec.europa.eu/apps/gwis_current_situation/index.html,
MET-19050409-CA-KAZ-0001,MeteorologicalHazards,Fires,ForestFires,fire,KAZ,1,1,Global Disaster Alert and Coordination System (GDACS),Very High,2021,4,9,2021,4,11,Spring,1/6/2026,1/30/2026,5541,Hectar,Central Asia,Kazakhstan,N/A,N/A,"Turgay, Amangeldy",N/A,N/A,N/A,N/A,N/A,No,N/A,N/A,N/A,N/A,N/A,https://www.gdacs.org/Wildfires/report.aspx?eventtype=WF&eventid=1000007&episodeid=1,https://gwis.jrc.ec.europa.eu/apps/gwis_current_situation/index.html,
MET-19050413-CA-KAZ-0001,MeteorologicalHazards,Fires,ForestFires,fire,KAZ,1,1,Global Disaster Alert and Coordination System (GDACS),Very High,2021,4,13,2021,4,15,Spring,1/6/2026,1/30/2026,5578,Hectar,Central Asia,Kazakhstan,N/A,N/A,"Alma-Ata, Balkhash",N/A,N/A,N/A,N/A,N/A,No,N/A,N/A,N/A,N/A,N/A,https://www.gdacs.org/Wildfires/report.aspx?eventtype=WF&eventid=1000003&episodeid=1,https://gwis.jrc.ec.europa.eu/apps/gwis_current_situation/index.html,
MET-19050414-CA-KAZ-0001,MeteorologicalHazards,Fires,ForestFires,fire,KAZ,1,1,Global Disaster Alert and Coordination System (GDACS),Very High,2021,4,14,2021,4,22,Spring,1/6/2026,1/30/2026,5870,Hectar,Central Asia,Kazakhstan,N/A,N/A,"Yermak, Pavlodar, Rozhdestvenka",N/A,N/A,N/A,N/A,N/A,No,N/A,N/A,N/A,N/A,N/A,https://www.gdacs.org/Wildfires/report.aspx?eventtype=WF&eventid=1000364&episodeid=1,https://gwis.jrc.ec.europa.eu/apps/gwis_current_situation/index.html,
MET-19050415-CA-KAZ-0001,MeteorologicalHazards,Fires,ForestFires,fire,KAZ,1,1,Global Disaster Alert and Coordination System (GDACS),Very High,2021,4,15,2021,4,29,Spring,1/6/2026,1/30/2026,15728,Hectar,Central Asia,Kazakhstan,N/A,N/A,"Petropavlovsk, Ishim",N/A,N/A,N/A,N/A,N/A,No,N/A,N/A,N/A,N/A,N/A,https://www.gdacs.org/Wildfires/report.aspx?eventtype=WF&eventid=1000363&episodeid=1,https://gwis.jrc.ec.europa.eu/apps/gwis_current_situation/index.html,
MET-19050425-CA-KAZ-0001,MeteorologicalHazards,Fires,ForestFires,fire,KAZ,1,1,Global Disaster Alert and Coordination System (GDACS),Very High,2021,4,25,2021,4,28,Spring,1/6/2026,1/30/2026,11517,Hectar,Central Asia,Kazakhstan,N/A,N/A,Dzhezkazgan,N/A,N/A,N/A,N/A,N/A,No,N/A,N/A,N/A,N/A,N/A,https://www.gdacs.org/Wildfires/report.aspx?eventtype=WF&eventid=1000224&episodeid=2,https://gwis.jrc.ec.europa.eu/apps/gwis_current_situation/index.html,
MET-19050514-CA-KAZ-0001,MeteorologicalHazards,Fires,ForestFires,fire,KAZ,1,1,Global Disaster Alert and Coordination System (GDACS),Very High,2021,5,14,2021,5,16,Spring,1/6/2026,1/30/2026,5771,Hectar,Central Asia,Kazakhstan,N/A,N/A,Kokchetav,N/A,N/A,N/A,N/A,N/A,No,N/A,N/A,N/A,N/A,N/A,https://www.gdacs.org/Wildfires/report.aspx?eventtype=WF&eventid=1000312&episodeid=3,https://gwis.jrc.ec.europa.eu/apps/gwis_current_situation/index.html,
MET-19050525-CA-KAZ-0001,MeteorologicalHazards,Fires,ForestFires,fire,KAZ,1,1,Global Disaster Alert and Coordination System (GDACS),Very High,2021,5,25,2021,5,28,Spring,1/6/2026,1/30/2026,6187,Hectar,Central Asia,Kazakhstan,N/A,N/A,Turgay,N/A,N/A,N/A,N/A,N/A,No,N/A,N/A,N/A,N/A,N/A,https://www.gdacs.org/Wildfires/report.aspx?eventtype=WF&eventid=1000395&episodeid=2,https://gwis.jrc.ec.europa.eu/apps/gwis_current_situation/index.html,
MET-19050526-CA-KAZ-0001,MeteorologicalHazards,Fires,ForestFires,fire,KAZ,1,1,Global Disaster Alert and Coordination System (GDACS),Very High,2021,5,26,2021,5,29,Spring,1/6/2026,1/30/2026,5650,Hectar,Central Asia,Kazakhstan,N/A,N/A,Tselinograd,N/A,N/A,N/A,N/A,N/A,No,N/A,N/A,N/A,N/A,N/A,https://www.gdacs.org/Wildfires/report.aspx?eventtype=WF&eventid=1000396&episodeid=1,https://gwis.jrc.ec.europa.eu/apps/gwis_current_situation/index.html,
MET-19050706-CA-KAZ-0001,MeteorologicalHazards,Fires,ForestFires,fire,KAZ,1,0.6,Glide,High,2025,7,6,2025,7,0,Summer,1/6/2026,1/30/2026,8,Hectar,Central Asia,Kazakhstan,N/A,N/A,Almaty,N/A,N/A,N/A,N/A,N/A,No,N/A,N/A,N/A,N/A,N/A,https://www.glidenumber.net/glide/public/search/search.jsp,https://en.tengrinews.kz/kazakhstan_news/wildfire-spreads-across-8-hectares-in-foothills-near-almaty-268803/ ,
MET-19050529-CA-KAZ-0001,MeteorologicalHazards,Fires,ForestFires,fire,KAZ,1,1,Global Disaster Alert and Coordination System (GDACS),Very High,2021,5,29,2021,5,31,Spring,1/6/2026,1/30/2026,6172,Hectar,Central Asia,Kazakhstan,N/A,N/A,Zhaksy Turgay,N/A,N/A,N/A,N/A,N/A,No,N/A,N/A,N/A,N/A,N/A,https://www.gdacs.org/Wildfires/report.aspx?eventtype=WF&eventid=1000401&episodeid=1,https://gwis.jrc.ec.europa.eu/apps/gwis_current_situation/index.html,
MET-19050613-CA-KAZ-0001,MeteorologicalHazards,Fires,ForestFires,fire,KAZ,1,1,Global Disaster Alert and Coordination System (GDACS),Very High,2021,6,13,2021,6,15,Summer,1/6/2026,1/30/2026,7419,Hectar,Central Asia,Kazakhstan,N/A,N/A,"Pavlodar, Yermak, Ekibastuz, Kachiry, Maykain",N/A,N/A,N/A,N/A,N/A,No,N/A,N/A,N/A,N/A,N/A,https://www.gdacs.org/Wildfires/report.aspx?eventtype=WF&eventid=1000419&episodeid=2,https://gwis.jrc.ec.europa.eu/apps/gwis_current_situation/index.html,
MET-19050616-CA-KAZ-0001,MeteorologicalHazards,Fires,ForestFires,fire,KAZ,1,1,Global Disaster Alert and Coordination System (GDACS),Very High,2021,6,16,2021,6,22,Summer,1/6/2026,1/30/2026,9943,Hectar,Central Asia,Kazakhstan,N/A,N/A,Turgay,N/A,N/A,N/A,N/A,N/A,No,N/A,N/A,N/A,N/A,N/A,https://www.gdacs.org/Wildfires/report.aspx?eventtype=WF&eventid=1000443&episodeid=1,https://gwis.jrc.ec.europa.eu/apps/gwis_current_situation/index.html,
MET-19050620-CA-KAZ-0001,MeteorologicalHazards,Fires,ForestFires,fire,KAZ,1,1,Global Disaster Alert and Coordination System (GDACS),Very High,2021,6,20,2021,6,20,Summer,1/6/2026,1/30/2026,6829,Hectar,Central Asia,Kazakhstan,N/A,N/A,"Kustanay, Semiozërnoye, Amankaragay, Kushmurun",N/A,N/A,N/A,N/A,N/A,No,N/A,N/A,N/A,N/A,N/A,https://www.gdacs.org/Wildfires/report.aspx?eventtype=WF&eventid=1000428&episodeid=1,https://gwis.jrc.ec.europa.eu/apps/gwis_current_situation/index.html,
MET-19050629-CA-KAZ-0001,MeteorologicalHazards,Fires,ForestFires,fire,KAZ,1,1,Global Disaster Alert and Coordination System (GDACS),Very High,2021,6,29,2021,6,30,Summer,1/6/2026,1/30/2026,10221,Hectar,Central Asia,Kazakhstan,N/A,N/A,"Turgay, Kustanay",N/A,N/A,N/A,N/A,N/A,No,N/A,N/A,N/A,N/A,N/A,https://www.gdacs.org/Wildfires/report.aspx?eventtype=WF&eventid=1000465&episodeid=2,https://gwis.jrc.ec.europa.eu/apps/gwis_current_situation/index.html,
MET-19050630-CA-KAZ-0001,MeteorologicalHazards,Fires,ForestFires,fire,KAZ,1,1,Global Disaster Alert and Coordination System (GDACS),Very High,2021,6,30,2021,7,7,Summer,1/6/2026,1/30/2026,55861,Hectar,Central Asia,Kazakhstan,N/A,N/A,"Karsakpay, Dzhezdy",N/A,N/A,N/A,N/A,N/A,No,N/A,N/A,N/A,N/A,N/A,https://www.gdacs.org/Wildfires/report.aspx?eventtype=WF&eventid=1000899&episodeid=1,https://gwis.jrc.ec.europa.eu/apps/gwis_current_situation/index.html,
MET-19050701-CA-KAZ-0001,MeteorologicalHazards,Fires,ForestFires,fire,KAZ,1,1,Global Disaster Alert and Coordination System (GDACS),Very High,2021,7,1,2021,7,5,Summer,1/6/2026,1/30/2026,8640,Hectar,Central Asia,Kazakhstan,N/A,N/A,"Kustanay, Oktyabrskiy, Tobol, Rudnyy",N/A,N/A,N/A,N/A,N/A,No,N/A,N/A,N/A,N/A,N/A,https://www.gdacs.org/Wildfires/report.aspx?eventtype=WF&eventid=1000747&episodeid=1,https://gwis.jrc.ec.europa.eu/apps/gwis_current_situation/index.html,
MET-19050817-CA-KAZ-0001,MeteorologicalHazards,Fires,ForestFires,fire,KAZ,1,0.6,EM-DAT,High,1997,8,17,1997,8,17,Summer,1/6/2026,1/30/2026,110,km2,Central Asia,Kazakhstan,N/A,8000,"Kokpektynsky, Ulansky, Ziryanovsky, Kurchumsky, Zaisansky & Katon-Karagaisky",N/A,N/A,N/A,N/A,N/A,No,N/A,N/A,N/A,N/A,N/A,https://public.emdat.be/,N/A,
MET-19050701-CA-KAZ-0002,MeteorologicalHazards,Fires,ForestFires,fire,KAZ,1,1,Global Disaster Alert and Coordination System (GDACS),Very High,2021,7,1,2021,7,4,Summer,1/6/2026,1/30/2026,16939,Hectar,Central Asia,Kazakhstan,N/A,N/A,Dzhezkazgan,N/A,N/A,N/A,N/A,N/A,No,N/A,N/A,N/A,N/A,N/A,https://www.gdacs.org/Wildfires/report.aspx?eventtype=WF&eventid=1000720&episodeid=1,https://gwis.jrc.ec.europa.eu/apps/gwis_current_situation/index.html,
MET-19050822-CA-KAZ-0001,MeteorologicalHazards,Fires,ForestFires,fire,KAZ,1,0.6,Glide,High,2012,8,22,2012,8,24,Summer,1/6/2026,1/30/2026,18,Hectar,Central Asia,Kazakhstan,N/A,500,Tian Shan,N/A,N/A,N/A,N/A,N/A,No,N/A,N/A,N/A,N/A,N/A,https://gdacs.org/,https://gwis.jrc.ec.europa.eu/apps/gwis_current_situation/index.html,
MET-19050830-CA-KAZ-0001,MeteorologicalHazards,Fires,ForestFires,fire,KAZ,1,0.6,Glide,High,2025,8,30,2025,8,31,Summer,1/6/2026,1/30/2026,30,Hectar,Central Asia,Kazakhstan,3,N/A,Almaty,N/A,13,N/A,N/A,N/A,No,N/A,N/A,N/A,N/A,N/A,https://www.glidenumber.net/glide/public/search/search.jsp,https://www.zakon.kz/proisshestviia/6489175-tri-obgorevshikh-tela-nashli-na-meste-krupnogo-pozhara-v-almatinskoy-oblasti.html,
MET-19050703-CA-KAZ-0001,MeteorologicalHazards,Fires,ForestFires,fire,KAZ,1,1,Global Disaster Alert and Coordination System (GDACS),Very High,2021,7,3,2021,7,4,Summer,1/6/2026,1/30/2026,5853,Hectar,Central Asia,Kazakhstan,N/A,N/A,Aktyubinsk,N/A,N/A,N/A,N/A,N/A,No,N/A,N/A,N/A,N/A,N/A,https://www.gdacs.org/Wildfires/report.aspx?eventtype=WF&eventid=1000696&episodeid=1,https://gwis.jrc.ec.europa.eu/apps/gwis_current_situation/index.html,
MET-19050703-CA-KAZ-0002,MeteorologicalHazards,Fires,ForestFires,fire,KAZ,1,1,Global Disaster Alert and Coordination System (GDACS),Very High,2021,7,3,2021,7,4,Summer,1/6/2026,1/30/2026,9875,Hectar,Central Asia,Kazakhstan,N/A,N/A,"Kokchetav, Asku, Bestobe",N/A,N/A,N/A,N/A,N/A,No,N/A,N/A,N/A,N/A,N/A,http://gdacs.org/Wildfires/report.aspx?eventtype=WF&eventid=1000507&episodeid=1,https://gwis.jrc.ec.europa.eu/apps/gwis_current_situation/index.html,
MET-19050704-CA-KAZ-0001,MeteorologicalHazards,Fires,ForestFires,fire,KAZ,1,1,Global Disaster Alert and Coordination System (GDACS),Very High,2021,7,4,2021,7,8,Summer,1/6/2026,1/30/2026,6734,Hectar,Central Asia,Kazakhstan,N/A,N/A,Dzhezkazgan,N/A,N/A,N/A,N/A,N/A,No,N/A,N/A,N/A,N/A,N/A,https://www.gdacs.org/Wildfires/report.aspx?eventtype=WF&eventid=1000686&episodeid=1,https://gwis.jrc.ec.europa.eu/apps/gwis_current_situation/index.html,
MET-19050720-CA-KAZ-0001,MeteorologicalHazards,Fires,ForestFires,fire,KAZ,1,1,Global Disaster Alert and Coordination System (GDACS),Very High,2021,7,20,2021,7,21,Summer,1/6/2026,1/30/2026,6122,Hectar,Central Asia,Kazakhstan,N/A,N/A,Pavlodar,N/A,N/A,N/A,N/A,N/A,No,N/A,N/A,N/A,N/A,N/A,https://www.gdacs.org/Wildfires/report.aspx?eventtype=WF&eventid=1001115&episodeid=1,https://gwis.jrc.ec.europa.eu/apps/gwis_current_situation/index.html,
MET-19050721-CA-KAZ-0001,MeteorologicalHazards,Fires,ForestFires,fire,KAZ,1,1,Global Disaster Alert and Coordination System (GDACS),Very High,2021,7,21,2021,7,27,Summer,1/6/2026,1/30/2026,21188,Hectar,Central Asia,Kazakhstan,N/A,N/A,Dzhezkazgan,N/A,N/A,N/A,N/A,N/A,No,N/A,N/A,N/A,N/A,N/A,https://www.gdacs.org/Wildfires/report.aspx?eventtype=WF&eventid=1001347&episodeid=1,https://gwis.jrc.ec.europa.eu/apps/gwis_current_situation/index.html,
MET-19050801-CA-KAZ-0001,MeteorologicalHazards,Fires,ForestFires,fire,KAZ,1,1,Global Disaster Alert and Coordination System (GDACS),Very High,2021,8,1,2021,8,1,Summer,1/6/2026,1/30/2026,8835,Hectar,Central Asia,Kazakhstan,N/A,N/A,"Kachiry, Pavlodar, Yermak, Irtyshsk",N/A,N/A,N/A,N/A,N/A,No,N/A,N/A,N/A,N/A,N/A,https://www.gdacs.org/Wildfires/report.aspx?eventtype=WF&eventid=1001741&episodeid=1,https://gwis.jrc.ec.europa.eu/apps/gwis_current_situation/index.html,
MET-19050801-CA-KAZ-0002,MeteorologicalHazards,Fires,ForestFires,fire,KAZ,1,1,Global Disaster Alert and Coordination System (GDACS),Very High,2021,8,1,2021,8,1,Summer,1/6/2026,1/30/2026,5929,Hectar,Central Asia,Kazakhstan,N/A,N/A,"Semipalatinsk, Ayaguz",N/A,N/A,N/A,N/A,N/A,No,N/A,N/A,N/A,N/A,N/A,https://www.gdacs.org/Wildfires/report.aspx?eventtype=WF&eventid=1001744&episodeid=1,https://gwis.jrc.ec.europa.eu/apps/gwis_current_situation/index.html,
MET-19050803-CA-KAZ-0001,MeteorologicalHazards,Fires,ForestFires,fire,KAZ,1,1,Global Disaster Alert and Coordination System (GDACS),Very High,2021,8,3,2021,8,5,Summer,1/6/2026,1/30/2026,10337,Hectar,Central Asia,Kazakhstan,N/A,N/A,"Aktyubinsk, Dombarovskiy, Khromtau",N/A,N/A,N/A,N/A,N/A,No,N/A,N/A,N/A,N/A,N/A,https://www.gdacs.org/Wildfires/report.aspx?eventtype=WF&eventid=1001796&episodeid=1,https://gwis.jrc.ec.europa.eu/apps/gwis_current_situation/index.html,
MET-19050804-CA-KAZ-0001,MeteorologicalHazards,Fires,ForestFires,fire,KAZ,1,1,Global Disaster Alert and Coordination System (GDACS),Very High,2021,8,4,2021,8,5,Summer,1/6/2026,1/30/2026,6642,Hectar,Central Asia,Kazakhstan,N/A,N/A,"Dzhezkazgan,Dzhezdy, Karsakpay",N/A,N/A,N/A,N/A,N/A,No,N/A,N/A,N/A,N/A,N/A,https://www.gdacs.org/Wildfires/report.aspx?eventtype=WF&eventid=1001791&episodeid=1,https://gwis.jrc.ec.europa.eu/apps/gwis_current_situation/index.html,
MET-19050805-CA-KAZ-0001,MeteorologicalHazards,Fires,ForestFires,fire,KAZ,1,1,Global Disaster Alert and Coordination System (GDACS),Very High,2021,8,5,2021,8,6,Summer,1/6/2026,1/30/2026,10106,Hectar,Central Asia,Kazakhstan,N/A,N/A,Aktyubinsk ,N/A,N/A,N/A,N/A,N/A,No,N/A,N/A,N/A,N/A,N/A,https://www.gdacs.org/Wildfires/report.aspx?eventtype=WF&eventid=1001764&episodeid=1,https://gwis.jrc.ec.europa.eu/apps/gwis_current_situation/index.html,
MET-19050805-CA-KAZ-0002,MeteorologicalHazards,Fires,ForestFires,fire,KAZ,1,1,Global Disaster Alert and Coordination System (GDACS),Very High,2021,8,5,2021,8,6,Summer,1/6/2026,1/30/2026,5658,Hectar,Central Asia,Kazakhstan,N/A,N/A,"Semipalatinsk, Ucharal, Urdzhar, Dzerzhinskoye, Gerasimovka",N/A,N/A,N/A,N/A,N/A,No,N/A,N/A,N/A,N/A,N/A,https://www.gdacs.org/Wildfires/report.aspx?eventtype=WF&eventid=1001782&episodeid=1,https://gwis.jrc.ec.europa.eu/apps/gwis_current_situation/index.html,
MET-19050909-CA-KAZ-0001,MeteorologicalHazards,Fires,WildFires,fire,KAZ,1,0.6,Glide,High,2010,9,9,2010,9,30,Autumn,1/6/2026,1/30/2026,N/A,N/A,Central Asia,Kazakhstan,5,1000,Altai,N/A,334,N/A,N/A,N/A,No,N/A,N/A,N/A,N/A,N/A,https://www.glidenumber.net/glide/public/search/search.jsp,https://reliefweb.int/report/kazakhstan/kazakh-forest-fires-kill-five-advance-russia,
MET-19050822-CA-KAZ-0001,MeteorologicalHazards,Fires,ForestFires,fire,KAZ,1,1,Global Disaster Alert and Coordination System (GDACS),Very High,2021,8,22,2021,8,29,Summer,1/6/2026,1/30/2026,5678,Hectar,Central Asia,Kazakhstan,N/A,N/A,"Semipalatinsk, Urdzhar",N/A,N/A,N/A,N/A,N/A,No,N/A,N/A,N/A,N/A,N/A,https://www.gdacs.org/Wildfires/report.aspx?eventtype=WF&eventid=1002062&episodeid=2,N/A,
MET-19050825-CA-KAZ-0001,MeteorologicalHazards,Fires,ForestFires,fire,KAZ,1,1,Global Disaster Alert and Coordination System (GDACS),Very High,2021,8,25,2021,8,26,Summer,1/6/2026,1/30/2026,7318,Hectar,Central Asia,Kazakhstan,N/A,N/A,"Tselinograd, Bestobe",N/A,N/A,N/A,N/A,N/A,No,N/A,N/A,N/A,N/A,N/A,https://www.gdacs.org/Wildfires/report.aspx?eventtype=WF&eventid=1002072&episodeid=2,https://gwis.jrc.ec.europa.eu/apps/gwis_current_situation/index.html,
MET-19050903-CA-KAZ-0001,MeteorologicalHazards,Fires,ForestFires,fire,KAZ,1,1,Global Disaster Alert and Coordination System (GDACS),Very High,2021,9,3,2021,9,3,Autumn,1/6/2026,1/30/2026,5068,Hectar,Central Asia,Kazakhstan,N/A,N/A,"Karaganda, Atasu",N/A,N/A,N/A,N/A,N/A,No,N/A,N/A,N/A,N/A,N/A,https://www.gdacs.org/Wildfires/report.aspx?eventtype=WF&eventid=1002322&episodeid=1,https://gwis.jrc.ec.europa.eu/apps/gwis_current_situation/index.html,
MET-19050904-CA-KAZ-0001,MeteorologicalHazards,Fires,ForestFires,fire,KAZ,1,1,Global Disaster Alert and Coordination System (GDACS),Very High,2021,9,4,2021,9,6,Autumn,1/6/2026,1/30/2026,10193,Hectar,Central Asia,Kazakhstan,N/A,N/A,"Dzhezkazgan, Aksu Ayuly, Akchatau, Agadyr",N/A,N/A,N/A,N/A,N/A,No,N/A,N/A,N/A,N/A,N/A,https://gdacs.org/,https://gwis.jrc.ec.europa.eu/apps/gwis_current_situation/index.html,
MET-19050915-CA-KAZ-0001,MeteorologicalHazards,Fires,ForestFires,fire,KAZ,1,1,Global Disaster Alert and Coordination System (GDACS),Very High,2021,9,15,2021,9,17,Autumn,1/6/2026,1/30/2026,5405,Hectar,Central Asia,Kazakhstan,N/A,N/A,Semipalatinsk,N/A,N/A,N/A,N/A,N/A,No,N/A,N/A,N/A,N/A,N/A,https://www.gdacs.org/Wildfires/report.aspx?eventtype=WF&eventid=1002422&episodeid=2,https://gwis.jrc.ec.europa.eu/apps/gwis_current_situation/index.html,
MET-19050917-CA-KAZ-0001,MeteorologicalHazards,Fires,ForestFires,fire,KAZ,1,1,Global Disaster Alert and Coordination System (GDACS),Very High,2021,9,17,2021,9,18,Autumn,1/6/2026,1/30/2026,5343,Hectar,Central Asia,Kazakhstan,N/A,N/A,Dzhezkazgan,N/A,N/A,N/A,N/A,N/A,No,N/A,N/A,N/A,N/A,N/A,https://gdacs.org/,https://gwis.jrc.ec.europa.eu/apps/gwis_current_situation/index.html,
MET-19051013-CA-KAZ-0001,MeteorologicalHazards,Fires,ForestFires,fire,KAZ,1,1,Global Disaster Alert and Coordination System (GDACS),Very High,2021,10,13,2021,10,19,Autumn,1/6/2026,1/30/2026,9324,Hectar,Central Asia,Kazakhstan,N/A,47,"Alma-Ata, Balkhash",N/A,N/A,N/A,N/A,N/A,No,N/A,N/A,N/A,N/A,N/A,https://www.gdacs.org/Wildfires/report.aspx?eventtype=WF&eventid=1002725&episodeid=4,https://gwis.jrc.ec.europa.eu/apps/gwis_current_situation/index.html,
MET-19051101-CA-KAZ-0001,MeteorologicalHazards,ExtremeTemperature,Cold Wave,extreme_temperature,KAZ,1,0.6,EM-DAT,High,1997,11,1,1997,11,30,Autumn,1/6/2026,1/30/2026,-38,Celcius,Central Asia,Kazakhstan,N/A,600000,Kazakhstan,N/A,N/A,N/A,N/A,N/A,No,N/A,N/A,N/A,N/A,N/A,https://public.emdat.be/,N/A,
MET-19051218-CA-KAZ-0001,MeteorologicalHazards,ExtremeTemperature,Cold Wave,extreme_temperature,KAZ,1,0.6,EM-DAT,High,2012,12,18,2013,1,30,Winter,1/6/2026,1/30/2026,N/A,N/A,Central Asia,Kazakhstan,N/A,5000,"Karaganda, Petropavlovsk, Semey",N/A,N/A,N/A,N/A,N/A,No,N/A,N/A,N/A,N/A,N/A,https://public.emdat.be/,N/A,
MET-19051220-CA-KAZ-0001,MeteorologicalHazards,Storm,Windstorm,storm,KAZ,1,0.6,EM-DAT,High,1995,12,20,1995,12,20,Winter,1/6/2026,1/30/2026,N/A,N/A,Central Asia,Kazakhstan,112,N/A,"Karaganda, Akmola",3000,N/A,N/A,N/A,N/A,No,N/A,N/A,N/A,N/A,N/A,https://public.emdat.be/,N/A,
,,,,,,,,,,,,,,,,,,,,,,,,,,,,,,,,,,,,,,,
,,,,,,,,,,,,,,,,,,,,,,,,,,,,,,,,,,,,,,,
,,,,,,,,,,,,,,,,,,,,,,,,,,,,,,,,,,,,,,,
,,,,,,,,,,,,,,,,,,,,,,,,,,,,,,,,,,,,,,,
