Dis No,Hazard  Group,Hazard Type,Specific Hazard Name,Hazard Type Final,ISO,Data Source Type,Source Level,Source Origin,Reliability Rating,Start Year,Start Month,Start Day,End Year,End Month,End Day,Event Season,Data Entry Date,Data Last Updated,Magnitude,Magnitude Scale,Region,Country,Total Deaths,No. Affected,Location,Total Economic Loss,No. Houses Damaged/Destroyed,No. Houses Damaged,No. Houses Destroyed,No. Infrastucture Destroyed/Damaged,Gender Data Availability,No.Gender Female,No.Gender Male,No. Gender Other,No. Children,No. Disabled Population,Glide Number,Source Website,Complimentry Resources, Notes
HYDRO-19050828-CA-TJK-0001,HydrologicalHazards,Floods,RiverineFlood,flood,TJK,1,0.6,EM-DAT,High,2001,8,28,2001,8,28,Summer,07/01/2026,29/01/2026,N/A,N/A,Central Asia,Tajikistan,N/A,2190,"Shahriston (Shahriston), Ganchi (Ganchinskiy), Nauk (Nauskiy)",N/A,N/A,N/A,N/A,N/A,No,N/A,N/A,N/A,N/A,N/A,N/A,https://www.emdat.be/,,No publicly available local or international reports found
HYDRO-19050323-CA-TJK-0001,HydrologicalHazards,Floods,RiverineFlood,flood,TJK,1,0.6,EM-DAT,High,2002,3,23,2002,3,23,Spring,07/01/2026,29/01/2026,N/A,N/A,Central Asia,Tajikistan,N/A,630,"Kulyab (Pitomnic, Chorbog, Zamburodod, Kuchabo)",N/A,N/A,N/A,N/A,N/A,No,N/A,N/A,N/A,N/A,N/A,N/A,https://www.emdat.be/,,No publicly available local or international reports found
HYDRO-19050514-CA-TJK-0001,HydrologicalHazards,Floods,RiverineFlood,flood,TJK,1,0.6,EM-DAT,High,2002,5,14,2002,5,14,Spring,07/01/2026,29/01/2026,N/A,N/A,Central Asia,Tajikistan,1,408,"Vose (Lesapitomnik, Navobod, Angurboh, Kashar, Mechnatobod, Kurbonshaid)",N/A,N/A,N/A,N/A,N/A,No,N/A,N/A,N/A,N/A,N/A,N/A,https://www.emdat.be/,,No publicly available local or international reports found
HYDRO-19050616-CA-TJK-0001,HydrologicalHazards,Floods,RiverineFlood,flood,TJK,1,0.6,EM-DAT,High,2002,6,16,2002,6,18,Summer,07/01/2026,29/01/2026,N/A,N/A,Central Asia,Tajikistan,8,1500,Dushanbe (Leninskiy),N/A,N/A,N/A,N/A,N/A,No,N/A,N/A,N/A,N/A,N/A,N/A,https://www.emdat.be/,,
HYDRO-19050807-CA-TJK-0001,HydrologicalHazards,Floods,FlashFlood,flood,TJK,1,1,Office for the Coordination of Humanitarian Affairs (OCHA),Very High,2002,8,7,2002,8,10,Summer,07/01/2026,29/01/2026,N/A,N/A,Central Asia,Tajikistan,24,1713,"Roshtkala (Dasht, Langar)",494600,N/A,N/A,N/A,N/A,No,N/A,N/A,N/A,N/A,N/A,N/A,https://www.unocha.org/publications/report/tajikistan/tajikistan-floods-ocha-situation-report-no-3,,No. Homeless: 1250 No: Injured:13 
HYDRO-19050606-CA-TJK-0001,HydrologicalHazards,Floods,RiverineFlood,flood,TJK,1,1,Office for the Coordination of Humanitarian Affairs (OCHA),Very High,2003,6,6,2003,6,10,Summer,07/01/2026,29/01/2026,N/A,N/A,Central Asia,Tajikistan,6,1500,"Penjikent (Penjikent), Khujand (Khujand), Gafurov (Gafurov), Chkalovsk (Chkalovsk)","34,104,000",N/A,59,60,"4 bridges were destroyed and 4 electricity transformers were damaged in the town. Various sections of roads, canal and electricity lines have been damaged",No,N/A,N/A,N/A,N/A,N/A,N/A,https://www.unocha.org/publications/report/tajikistan/tajikistan-floods-ocha-situation-report-no-1-0,,3 people missing
HYDRO-19050713-CA-TJK-0001,HydrologicalHazards,Floods,RiverineFlood,flood,TJK,1,1,Office for the Coordination of Humanitarian Affairs (OCHA),Very High,2004,7,13,2004,7,14,Summer,07/01/2026,29/01/2026,N/A,N/A,Central Asia,Tajikistan,N/A,400000,Varzob (Varzob),12000000,N/A,N/A,N/A,N/A,No,N/A,N/A,N/A,N/A,N/A,FL-2004-000055,https://www.unocha.org/publications/report/tajikistan/tajikistan-floods-ocha-situation-report-no-1-1,,"The major Dushanbe-Anzob-Istarafshan road was severely affected at several points and key bridges were destroyed or damaged. 400,000 people affected in terms of loss of access to safe water, especially in Dushanbe, where 60% of the population lost drinking water supply due to pollution from the Varzob River. The Varzob valley floods severely damaged infrastructure including roads and bridges connecting the capital and key regions."
HYDRO-19050608-CA-TJK-0001,HydrologicalHazards,Floods,RiverineFlood,flood,TJK,1,1,United Nations Country Team (UNCT) ,Very High,2005,6,8,2005,6,10,Summer,07/01/2026,29/01/2026,N/A,N/A,Central Asia,Tajikistan,8,12000,"Panjakent (Shing, Dahani Ob, Bodgoh, Vagashton, Gijdavra, Panjrood)",10000000,N/A,350,73,NA,No,N/A,N/A,N/A,N/A,N/A,FL-2005-000090,https://reliefweb.int/disaster/fl-2005-000090-tjk,,
HYDRO-19050515-CA-TJK-0001,HydrologicalHazards,Floods,RiverineFlood,flood,TJK,1,1,International Federation of Red Cross and Red Crescent Societies (IFRC),Very High,2005,5,15,2005,7,30,Spring,07/01/2026,29/01/2026,N/A,N/A,Central Asia,Tajikistan,6,12446,"Kulyab (Mir Sayyid Ali Hamadani), Penjikent (Panjrud, Shing), Rushan (Rushanskiy), Rudaki (Rudaki)",80313000,270,299,118,N/A,No,N/A,N/A,N/A,N/A,N/A,FF-2005-000072-TJK,https://www.ifrc.org/docs/appeals/rpts05/Tjkjuly1.pdf,,
HYDRO-19050416-CA-TJK-0001,HydrologicalHazards,Floods,RiverineFlood,flood,TJK,1,1,International Federation of Red Cross and Red Crescent Societies (IFRC),Very High,2007,4,16,2007,4,20,Spring,07/01/2026,29/01/2026,N/A,N/A,Central Asia,Tajikistan,1,"11,857","Dushanbe (Leninskiy), Tursunzade (Tursunzade), Varzob (Varzob), Kofarnihon (Kofarnohon)","69,996","3,969","1,880","2,089","Schools, health centres, a filling station and administrative buildings also suffered damage.",No,N/A,N/A,N/A,N/A,N/A,FF-2007-000049,https://reliefweb.int/report/tajikistan/tajikistan-floods-and-mudflows-dref-no-mdrtj002-final-report,https://reliefweb.int/map/tajikistan/tajikistan-flash-floods-19-apr-2007?OpenDocument=&_gl=1%2A1a12v59%2A_ga%2AMTgxNTc2MzE1NS4xNzY0NzU0ODY2%2A_ga_E60ZNX2F68%2AczE3Njk1OTg1MDkkbzQwJGcxJHQxNzY5NjAwMzk5JGozJGwwJGgw,8 people hospitalized. A six year old girl is still missing.
HYDRO-19050508-CA-TJK-0001,HydrologicalHazards,Floods,RiverineFlood,flood,TJK,1,1,International Federation of Red Cross and Red Crescent Societies (IFRC),Very High,2009,5,8,2009,5,12,Spring,07/01/2026,29/01/2026,N/A,N/A,Central Asia,Tajikistan,18,15000,"Dushanbe (Ismoili Somoni), Shahrinav (Shahrinav), Tursunzade (Tursunzade), Darband (Darband), Rasht (Garm), Tojikobod (Tojikobod), Khatlon (Ghozimalik, Pyandzh, Kumsangir)",1462000,255,N/A,N/A,"The electricity and water services were interrupted, roads were destroyed in the affected districts and hundreds of hectares of cultivated lands are damaged.",No,N/A,N/A,N/A,3,N/A,FL-2009-000095,https://reliefweb.int/report/tajikistan/tajikistan-floods-dref-operation-no-mdrtj006,,
HYDRO-19050411-CA-TJK-0001,HydrologicalHazards,Floods,RiverineFlood,flood,TJK,1,1,International Federation of Red Cross and Red Crescent Societies (IFRC),Very High,2010,4,11,2010,4,11,Spring,07/01/2026,29/01/2026,N/A,N/A,Central Asia,Tajikistan,2,1914,"Vose (Vose), Shurabad (Shurabad), Muminobod (Muminobod), Bokhtar (Bokhtar), Kulob (Kulob), Panjakent (Ura-Tyube), Fayzobod (Fayzobod), Varzob (Varzob)",NA,N/A,319,5,"4 schools, 9 bridges, 5 kms of internal roads have been damaged and 10 heads of livestock died.",No,N/A,N/A,N/A,N/A,N/A,FL-2010-000075,https://reliefweb.int/report/tajikistan/tajikistan-flooding-information-bulletin-n%C2%B0-1-14-april-2010,,
HYDRO-19050506-CA-TJK-0001,HydrologicalHazards,Floods,RiverineFlood,flood,TJK,1,1,International Federation of Red Cross and Red Crescent Societies (IFRC),Very High,2010,5,6,2010,5,10,Spring,07/01/2026,29/01/2026,N/A,N/A,Central Asia,Tajikistan,40,16000,"Vose (Vose), Muminobod (Muminobod), Baljuvon (Baljuvon), Shurabad (Shurabad), Kulob (Kulob), Yovon (Yovon), Jilikul (Jilikul), Bokhtar (Kurgan-Tyube), Dangara (Dangara), Jaihun (Kolhosobod)",293469000,N/A,680,388,N/A,No,N/A,N/A,N/A,1,N/A,FL-2010-000087,https://reliefweb.int/report/tajikistan/tajikistan-floods-and-mudslides-dref-operation-n%C2%B0-mdrtj010-final-report,https://www.un-spider.org/advisory-support/emergency-support/3495/flood-tajikistan,"Only in Kulyab town about 4,500 children, women and men were displaced since their houses were destroyed or severely damaged by torrents of water, stones and debris.  Some 70,000 people were affected in their
access to safe drinking water. Social and other infrastructure was severely damaged. "
HYDRO-19050611-CA-TJK-0001,HydrologicalHazards,Floods,RiverineFlood,flood,TJK,1,1,International Federation of Red Cross and Red Crescent Societies (IFRC),Very High,2011,6,11,2011,6,12,Summer,07/01/2026,29/01/2026,N/A,N/A,Central Asia,Tajikistan,N/A,2130,"Asht (Saro, Bobodarkhon, Shaydan, Rovakon), Ghonchi (Basmanda, Rosrovut), Panjakent (Yori)",N/A,355,99,35,N/A,No,N/A,N/A,N/A,N/A,N/A,FF-2011-000066,https://reliefweb.int/node/420487,,
HYDRO-19050201-CA-TJK-0001,HydrologicalHazards,Floods,RiverineFlood,flood,TJK,1,1,International Federation of Red Cross and Red Crescent Societies (IFRC),Very High,2012,2,1,2012,5,30,Winter,07/01/2026,29/01/2026,N/A,N/A,Central Asia,Tajikistan,N/A,5556,"Varzob (Varzob), Kofarnihon (Kofarnihon), Tojikobod (Tojikobod), Jirgatol (Jirgatol), Rasht (Jirgatol, Tavildara), Panjakent (Panjakent), Mastchoh (Kuhistoni Mastchoh), Bokhtar (Kurgan-Tyube), Vose (Vose), Kulob (Kulob), Shughnon (Shughnon), Ishkashim (Ishkashim)",208333,N/A,N/A,N/A,N/A,No,N/A,N/A,N/A,N/A,N/A,FL-2012-000051,https://reliefweb.int/report/tajikistan/tajikistan-floods-and-avalanches-dref-operation-n%C2%B0-mdrtj013,,
HYDRO-19050411-CA-TJK-0001,HydrologicalHazards,Floods,RiverineFlood,flood,TJK,1,1,International Federation of Red Cross and Red Crescent Societies (IFRC),Very High,2014,4,11,2014,4,12,Spring,07/01/2026,29/01/2026,N/A,N/A,Central Asia,Tajikistan,15,2562,"Vose, Shurobod, Hamadoni, Kulob",2650000,N/A,N/A,6,"One medical Centre, three kilometers of roads, and 80 hectares of lands were also affected. The population also lost 301 head of livestock",No,N/A,N/A,N/A,N/A,N/A,FL-2014-000054,https://reliefweb.int/report/tajikistan/tajikistan-floods-emergency-plan-action-epoa-operation-n-mdrtj017,,
HYDRO-19050510-CA-TJK-0001,HydrologicalHazards,Floods,RiverineFlood,flood,TJK,1,1,International Federation of Red Cross and Red Crescent Societies (IFRC),Very High,2014,5,10,2014,5,16,Spring,07/01/2026,29/01/2026,N/A,N/A,Central Asia,Tajikistan,N/A,5360,"Rudaki (Rudaki), Vahdat (Vahdat), Ganchi (Ganchi), Khatlon",N/A,1072,N/A,N/A,"As a result of the rains, the infrastructure and the water pipes were heavily damaged. Nine bridges were destroyed. The road from Khatlon province to Badakhshan was cut off after some parts of the road had been washed away, resulting in the disruption of the connection between the two provinces.",No,N/A,N/A,N/A,N/A,N/A,FL-2014-000063,https://adore.ifrc.org/Download.aspx?FileId=67961,https://glidenumber.net/glide/public/search/details.jsp?glide=20205,
HYDRO-19050511-CA-TJK-0001,HydrologicalHazards,Floods,RiverineFlood,flood,TJK,1,1,International Federation of Red Cross and Red Crescent Societies (IFRC),Very High,2015,5,11,2015,5,13,Spring,07/01/2026,29/01/2026,N/A,N/A,Central Asia,Tajikistan,N/A,"1,776","Khatlon (Qubodiyon, Jilikul, Khuroson, Vaksh, Hamadony)",N/A,127,N/A,N/A,"Roads, bridges, schools, agricultural fields, family plots and four schools were also affected and destroyed.",No,N/A,N/A,N/A,N/A,N/A,FL-2015-000055,https://reliefweb.int/report/tajikistan/tajikistan-floods-emergency-plan-action-epoa-dref-operation-n-mdrtj020,,
HYDRO-19050715-CA-TJK-0001,HydrologicalHazards,Floods,RiverineFlood,flood,TJK,1,1,United Nations Country Team (UNCT) ,Very High,2015,7,15,2015,7,23,Summer,07/01/2026,29/01/2026,N/A,N/A,Central Asia,Tajikistan,6,5401,Gorno Badakhshan,N/A,N/A,154,72,"One secondary school, six shops, two pedestrian bridges and two motorway bridges, one petrol station, 6 kilometres of high-voltage power line (35 kWt), 2 kilometres of power line (10 kWt), 2 kilometres of regional level motor road, five parking lots, six cars and 1,300 metres of irrigation channels as well as 3,000 various trees. Motor roads, power lines, agricultural lands, buildings and similar facilities, and other socio-economic infrastructure were destroyed. Even a section of the strategic Khorog-Murgab road of 3.5 kilometre length was completely destroyed.",No,N/A,N/A,N/A,N/A,N/A,FL-2015-000094,https://reliefweb.int/report/tajikistan/mudflow-gorno-badakhshan-autonomous-oblast-gbao-tajikistan-situation-report-4,https://www.adrc.asia/view_disaster_en.php?Lang=en&Key=2010,
HYDRO-19050626-CA-TJK-0001,HydrologicalHazards,Floods,RiverineFlood,flood,TJK,1,1,International Federation of Red Cross and Red Crescent Societies (IFRC),Very High,2017,6,26,2017,6,27,Summer,07/01/2026,29/01/2026,N/A,N/A,Central Asia,Tajikistan,0,700,Panjakent (Amondara),N/A,N/A,10,6,"Approximately 1.5 km of local roads, 3.5 km of irrigation channels, and 1.5 km of the drinking water system were damaged. Around 40 hectares of cultivated land were affected. Damage was also reported to one electricity transformer and approximately 750 metres of electricity lines. In addition, one secondary school building was impacted",No,N/A,N/A,N/A,N/A,N/A,FL-2017-000079,https://reliefweb.int/disaster/fl-2017-000079-tjk,,"Overall, the infrastructure damage affected a broader population of approximately 3,842 people in Amondara village."
HYDRO-19050516-CA-TJK-0001,HydrologicalHazards,Floods,RiverineFlood,flood,TJK,1,1,International Federation of Red Cross and Red Crescent Societies (IFRC),Very High,2018,5,16,2018,5,21,Spring,07/01/2026,29/01/2026,N/A,N/A,Central Asia,Tajikistan,14,5725,"Khatlon (Farkhor, Panj)",N/A,N/A,1100,45,"In Sughd Province around 3 ha of arable lands, 800 m of village internal roads and 10 ha of land plots in Ruzi obnok village of Penjikent and 51 km of motorway and irrigation channel were destroyed damaging 300 m of pipes. The main road connecting Kurgoncha village of Jabbor Rasulov district with the district centre town was blocked. A pedestrian bridge constructed under the RCST “Transborder” programme in that village was destroyed.",No,N/A,N/A,N/A,N/A,N/A,FL-2018-000065,https://reliefweb.int/disaster/fl-2018-000065-tjk,,
HYDRO-19050514-CA-TJK-0001,HydrologicalHazards,Floods,RiverineFlood,flood,TJK,1,1,International Federation of Red Cross and Red Crescent Societies (IFRC),Very High,2020,5,14,2020,5,16,Spring,07/01/2026,29/01/2026,N/A,N/A,Central Asia,Tajikistan,2,2690,"Khuroson (Asadullo, Hizb, Pakhtaobod), Kushoniyon (Ergash), Vahdat (Galaba Street), Fayzobod (Surkhdara)",N/A,N/A,466,72,"Mudflows and floods damaged electricity supply lines, roads and bridges, and disrupted water supply systems in affected villages, particularly in Khuroson.",No,N/A,N/A,N/A,N/A,N/A,FF-2020-000138,https://reliefweb.int/report/tajikistan/tajikistan-floods-emergency-plan-action-epoa-dref-n-mdrtj029,https://web.adrc.asia/view_disaster_en.php?Key=2387&Lang=en,
HYDRO-19050507-CA-TJK-0001,HydrologicalHazards,Floods,RiverineFlood,flood,TJK,1,1,International Federation of Red Cross and Red Crescent Societies (IFRC),Very High,2021,5,7,2021,5,13,Spring,07/01/2026,29/01/2026,N/A,N/A,Central Asia,Tajikistan,7,25010,"Khatlon (Abdurahmoni Jomi, Vakhsh, Yovon, Kulob, Shamsiddin Shohin, Vose, Muminobod), Dushanbe",10419000,N/A,270,74,"Flooding and mudflows caused significant damage to roads, bridges and irrigation channels, as well as damage to water supply systems and electricity lines, and destruction of agricultural lands.",No,N/A,N/A,N/A,N/A,N/A,FL-2021-000055,https://adore.ifrc.org/Download.aspx?FileId=482010,,
HYDRO-19050504-CA-TJK-0001,HydrologicalHazards,Floods,RiverineFlood,flood,TJK,1,1,Emergency Response Coordination Centre (ERRC),Very High,2024,5,4,2024,5,10,Spring,07/01/2026,29/01/2026,N/A,N/A,Central Asia,Tajikistan,3,40,"Sughd, Khatlon, Gorno-Badakhshan",N/A,N/A,N/A,N/A,N/A,No,N/A,N/A,N/A,N/A,N/A,N/A,https://reliefweb.int/report/tajikistan/tajikistan-kyrgyzstan-landslides-and-floods-media-reliefweb-noaa-central-asia-echo-daily-flash-08-may-2024,,
MET-19050616-CA-TJK-0001,MeteorologicalHazards,Storm,Windstorm,storm,TJK,1,1,World Food Programme (WFP),Very High,2001,6,16,2001,6,30,Summer,07/01/2026,29/01/2026,N/A,N/A,Central Asia,Tajikistan,N/A,N/A,Ghozimalik (Khatlon),N/A,N/A,N/A,N/A,N/A,No,N/A,N/A,N/A,N/A,N/A,ST-2001-000756-TJK,https://www.preventionweb.net/files/17582_02wfp2010seasonalandhazardscalendar.pdf?startDownload=true,,No publicly available local or international reports found other than 1 sentence on World Food Programme's Report 
MET-19050101-CA-TJK-0001,MeteorologicalHazards,ExtremeHeat,Coldwave,extreme_temperature,TJK,1,1,Office for the Coordination of Humanitarian Affairs (OCHA),Very High,2008,1,1,2008,2,28,Winter,07/01/2026,29/01/2026,-20,Celcius,Central Asia,Tajikistan,N/A,2000000,Tajikistan,840000000 USD,N/A,N/A,N/A,N/A,No,N/A,N/A,N/A,2,N/A,CW-2008-000015,https://reliefweb.int/report/tajikistan/tajikistan-cold-wave-situation-report,https://reliefweb.int/report/tajikistan/tajikistan-cold-wave-unicef-statement,A report carried on ReliefWeb says at least two newborn babies died due to electricity shortages (UN organization statement). Energy/electricity supply crisis and outages; heating disruption; water supply disruption due to frozen/burst pipes; public services disrupted.
MET-19050120-CA-TJK-0001,MeteorologicalHazards,ExtremeHeat,Coldwave,extreme_temperature,TJK,1,1,International Federation of Red Cross and Red Crescent Societies (IFRC),Very High,2013,1,20,2013,2,28,Winter,07/01/2026,29/01/2026,-55,Celcius,Central Asia,Tajikistan,N/A,6000,"Murgab (Kuhnakurgan, Modiyon, Chechtube, Rangkul, Chichekdeh, Karakul, Tokhtamish, Shaimok, Alichur, Bashgunbez, Bulunkul)",N/A,512,N/A,N/A,N/A,No,N/A,N/A,N/A,N/A,N/A,CW-2013-000018,https://reliefweb.int/report/tajikistan/tajikistan-cold-wave-dref-final-report,https://adore.ifrc.org/Download.aspx?FileId=15026,80 elder  and those with special needs  are assisted. 
GEO-19051031-CA-TJK-0001,GeophysicalHazards,Earthquakes,Earthquake,earthquake,TJK,1,1,United States Geological Survey (USGS),Very High,2000,10,31,2000,10,31,Autumn,07/01/2026,29/01/2026,4.8,Moment Magnitude,Central Asia,Tajikistan,0,6000,Parharskiy (Khasanov),N/A,N/A,587,N/A,N/A,No,N/A,N/A,N/A,N/A,N/A,N/A,https://earthquake.usgs.gov/earthquakes/eventpage/usp000a2se,https://reliefweb.int/report/tajikistan/tajikistan-earthquake-information-bulletin,
GEO-19050109-CA-TJK-0001,GeophysicalHazards,Earthquakes,Earthquake,earthquake,TJK,1,1,United States Geological Survey (USGS),Very High,2002,1,9,2002,1,9,Winter,07/01/2026,29/01/2026,5.3,Moment Magnitude,Central Asia,Tajikistan,3,1050,"Rogunsky (Taghi Akbar, Talkhan Chashma, Passimokhroukho)",N/A,N/A,50,N/A,N/A,No,N/A,N/A,N/A,N/A,N/A,N/A,https://earthquake.usgs.gov/earthquakes/eventpage/usp000aw3f,https://reliefweb.int/report/tajikistan/earthquake-tajikistan-january-2002,50 injured
GEO-19050729-CA-TJK-0001,GeophysicalHazards,Earthquakes,Earthquake,earthquake,TJK,1,1,Office for the Coordination of Humanitarian Affairs (OCHA),Very High,2006,7,29,2006,7,29,Summer,07/01/2026,29/01/2026,5.6,Moment Magnitude,Central Asia,Tajikistan,3,"9,000","Kolhosobadskiy (Kumsangir), Piynjskiy (Panj Jamoat)",N/A,N/A,1500,1083,N/A,No,N/A,N/A,N/A,3,N/A,EQ-2006-000109-TJK,https://reliefweb.int/report/tajikistan/tajikistan-earthquake-situation-report,https://reliefweb.int/report/tajikistan/tajikistan-earthquake-dref-appeal,"3 people are reported dead (a 6 year old boy, a 6 year girl, and a 9 year old girl), and 19 injured.While not numeric, multiple structures were damaged according to the UN appeal and detailed damage lists"
GEO-19050721-CA-TJK-0001,GeophysicalHazards,Earthquakes,Earthquake,earthquake,TJK,1,1,Office for the Coordination of Humanitarian Affairs (OCHA),Very High,2007,7,21,2007,7,22,Summer,07/01/2026,29/01/2026,5.2,Moment Magnitude,Central Asia,Tajikistan,15,"11,292","Ashtskiy (Oshoba, Oilmo), Rasht (Kalai Surkh, Nusratullo Makhsum) Darvaz",22000000,N/A,1222,215,"6 schools, 1 jamoat building, 5 teahouses, 4 libraries, 1 youth center, 1 hospital, 2 clubs damaged",No,N/A,N/A,N/A,3,N/A,EQ-2007-000108-TJK,https://reliefweb.int/report/tajikistan/earthquake-and-mudflows-tajikistan-situation-report-no-2,https://reliefweb.int/report/tajikistan/tajikistan-earthquake-dref-bulletin,"An earthquake of magnitude ~5.2 struck Oshoba and Oilmo areas in Ashtskiy district, Sogd province on 21 July 2007. Some situation reports refer to the earthquake as ~5.5. The quake was associated with landslides/mudslides triggered by heavy rains, resulting in a complex disaster"
GEO-19050102-CA-TJK-0001,GeophysicalHazards,Earthquakes,Earthquake,earthquake,TJK,1,1,Office for the Coordination of Humanitarian Affairs (OCHA),Very High,2010,1,2,2010,1,2,Winter,07/01/2026,29/01/2026,5.4,Moment Magnitude,Central Asia,Tajikistan,0,7686,"Vanchskiy (Uskrogh, Rogh, Payshanbeobod, Gishkhun, Dashtirogh, Rokharv, Punichuguni Jamak)",1500000,N/A,958,140,1 health post destroyed; 5 health posts damaged; 3 schools damaged; 30 administrative buildings damaged,No,N/A,N/A,N/A,N/A,N/A,EQ-2010-000001,https://adore.ifrc.org/Download.aspx?FileId=133093,https://khf.tj/sites/default/files/react_pdf/tajikistan_react_-_earthquake_-_situation_report_2.pdf,
GEO-19050719-CA-TJK-0001,GeophysicalHazards,Earthquakes,Earthquake,earthquake,TJK,1,1,United States Geological Survey (USGS),Very High,2011,7,19,2011,7,19,Summer,07/01/2026,29/01/2026,6.1,Moment Magnitude,Central Asia,Tajikistan,1,N/A,"Hojenskiy (Khujand, Chkalovsk), Garmskiy (Tadzhikistan)",N/A,N/A,N/A,N/A,N/A,No,1,N/A,N/A,N/A,N/A,EQ-2011-000090,https://earthquake.usgs.gov/earthquakes/eventpage/usp000j560,https://reliefweb.int/report/tajikistan/tajikistan-earthquake-july-2011,1 Male died. 4 injured.
GEO-19050513-CA-TJK-0001,GeophysicalHazards,Earthquakes,Earthquake,earthquake,TJK,1,1,International Federation of Red Cross and Red Crescent Societies (IFRC),Very High,2012,5,13,2012,5,13,Spring,07/01/2026,29/01/2026,5.7,Moment Magnitude,Central Asia,Tajikistan,2,"2,531","Darbanskiy, Garmskiy, Tavildara ",2520000,N/A,117,103,"3 schools fully destroyed, 7 schools partially damaged; 3 hospitals and medical points partially damaged",No,N/A,N/A,N/A,N/A,N/A,N/A,https://adore.ifrc.org/Download.aspx?FileId=13746,https://reliefweb.int/report/tajikistan/tajikistan-earthquake-dref-final-report,
GEO-19051207-CA-TJK-0001,GeophysicalHazards,Earthquakes,Earthquake,earthquake,TJK,1,1,United States Geological Survey (USGS),Very High,2015,12,7,2015,12,7,Winter,07/01/2026,29/01/2026,7.2,Moment Magnitude,Central Asia,Tajikistan,2,"124,500","Murgabskiy, Rushanskiy, Shugnanskiy, Vanchskiy, Kalay-Humbskiy",N/A,N/A,1055,272,"2 schools destroyed, 22 schools partially damaged; 8 medical points damaged, 1 hydro-power station damaged, 28 other social infrastructure damaged.",No,N/A,N/A,N/A,N/A,N/A,EQ-2015-000166,https://earthquake.usgs.gov/earthquakes/eventpage/us100044k6,https://reliefweb.int/report/tajikistan/tajikistan-earthquake-december-2015,"14 people injured. 7,962 people displaced."
GEO-19050710-CA-TJK-0001,GeophysicalHazards,Earthquakes,Earthquake,earthquake,TJK,1,1,International Federation of Red Cross and Red Crescent Societies (IFRC),Very High,2021,7,10,2021,7,10,Summer,07/01/2026,29/01/2026,5.9,Moment Magnitude,Central Asia,Tajikistan,5,"4,480","Tajikabad (Langari Shoh Jamoat, Busto)",N/A,N/A,N/A,N/A,N/A,No,N/A,N/A,N/A,N/A,N/A,EQ-2021-000081,https://reliefweb.int/report/tajikistan/tajikistan-earthquake-dref-operation,https://www.glidenumber.net/glide/public/search/details.jsp?glide=EQ-2021-000082,30 people injured
GEO-19050323-CA-TJK-0001,GeophysicalHazards,Earthquakes,Earthquake,earthquake,TJK,1,1,International Federation of Red Cross and Red Crescent Societies (IFRC),Very High,2023,3,23,2023,3,23,Spring,07/01/2026,29/01/2026,4.8,Moment Magnitude,Central Asia,Tajikistan,0,2205,Sughd ,N/A,N/A,300,N/A,N/A,No,N/A,N/A,N/A,N/A,N/A,EQ-2023-000043-TJK,https://reliefweb.int/report/tajikistan/tajikistan-earthquake-dref-final-report-mdrtj035,https://www.glidenumber.net/glide/public/search/details.jsp?glide=EQ-2023-000043,3 injured
GEO-19050413-CA-TJK-0001,GeophysicalHazards,Earthquakes,Earthquake,earthquake,TJK,1,1,Office for the Coordination of Humanitarian Affairs (OCHA),Very High,2025,4,13,2025,4,13,Spring,07/01/2026,29/01/2026,5.8,Moment Magnitude,Central Asia,Tajikistan,1,4020,"Rasht (Safedkunda, Gulkhani, Kul, Askalon), Tojikobod (Buston, Anvar Qalandarov, Ganishob)",N/A,N/A,29,N/A,N/A,No,N/A,N/A,N/A,1,N/A,EQ-2025-000049,https://reliefweb.int/report/tajikistan/tajikistan-earthquake-gdacs-flash,https://asiaplustj.info/en/node/347764?utm_source=chatgpt.com,16 injured
BIO-19051001-CA-TJK-0001,BiologicalHazards,Epidemic,Typhoid fever,epidemic,TJK,1,1,World Health Organization (WHO),Very High,2003,10,1,2003,10,31,Autumn,07/01/2026,29/01/2026,N/A,N/A,Central Asia,Tajikistan,1,256,Frunze (Dushanbe),N/A,0,0,0,0,No,N/A,N/A,N/A,N/A,N/A,N/A,https://www.who.int/emergencies/disease-outbreak-news/item/2003-DON141,https://reliefweb.int/report/tajikistan/tajikistan-typhoid-outbreak,
BIO-19050101-CA-TJK-0001,BiologicalHazards,Epidemic,Polio,epidemic,TJK,1,1,World Health Organization (WHO),Very High,2010,1,1,2010,8,1,Winter,07/01/2026,29/01/2026,N/A,N/A,Central Asia,Tajikistan,29,458,"Dushanbe, Kurgantube, Kulyab, Bokhtar, Vakhsh, J. Rumi, A. Jomi, Shahrituz, Panj, Jilikkul, Sarband, Nosiri Khusrav",N/A,0,0,0,0,No,N/A,N/A,N/A,N/A,N/A,N/A,https://www.who.int/emergencies/disease-outbreak-news/item/2010-DON154,https://reliefweb.int/report/tajikistan/tajikistan-polio-outbreak-situation-report,
BIO-19050401-CA-TJK-0001,BiologicalHazards,Epidemic,Measles,epidemic,TJK,1,1,International Federation of Red Cross and Red Crescent Societies (IFRC),Very High,2017,4,1,2017,5,30,Spring,07/01/2026,29/01/2026,N/A,N/A,Central Asia,Tajikistan,0,345,"Rudaki district, Dushanbe, Khatlon oblast",N/A,0,0,0,0,No,N/A,N/A,N/A,N/A,N/A,EP-2017-000047,https://reliefweb.int/report/tajikistan/tajikistan-measles-outbreak-epoa,https://www.glidenumber.net/glide/public/search/details.jsp?glide=EP-2017-000047,"Outbreak reporting mentions children being the main affected group, but no numeric count in accessible reports."
GEO-19050713-CA-TJK-0001,GeophysicalHazards,Landslide,Mudflow,mass_movement,TJK,1,0.3,News Agencies & Media,Medium,2024,7,13,2024,7,15,Summer,07/01/2026,29/01/2026,N/A,N/A,Central Asia,Tajikistan,1,N/A,Iskodar (Ayni),N/A,N/A,N/A,N/A,N/A,No,1,N/A,N/A,N/A,N/A,MS-2024-000114-TJK,https://www.asiaplustj.info/ru/news/tajikistan/incidents/20240714/zhitelnitsa-aininskogo-raiona-pogibla-v-rezultate-shoda-selevogo-potoka-v-sele-iskodar,,"On the evening of July 13, heavy rains caused mudflows on the territory of the village of Iskodar, Ayni district, Sughd region. The mud mass flooded the homestead of the school, the village and living quarters."
GEO-19050509-CA-TJK-0001,GeophysicalHazards,Landslide,Mudflow,mass_movement,TJK,1,1,Office for the Coordination of Humanitarian Affairs (OCHA),Very High,2016,5,9,2016,5,13,Spring,07/01/2026,29/01/2026,N/A,N/A,Central Asia,Tajikistan,6,"17,800","Sughd (Asht, Ganchi, Isfara, Istaravshan, Panjakent, Shahriston, Zafarobod, Konibodom, Spitamen, Mastchoh, Ayni), Nurobod, Sangvor, Rasht, Rudaki, Kulob, Darvoz",N/A,N/A,N/A,N/A,N/A,No,N/A,N/A,N/A,NA,N/A,MS-2016-000049-TJK,https://reliefweb.int/disaster/ms-2016-000049-tjk,,"Mudflows triggered by heavy rains and strong winds affected 11 districts of the Sughd Province in north-western Tajikistan, killing 3 people and severely damaging approximately 170 houses along with public infrastructure and arable land.
IFRC UPDATE: Other affected districts: Nurobod, Sangvor, Rasht, Rudaky, Kulob, Darvoz - See total figures below"
GEO-19050412-CA-TJK-0001,GeophysicalHazards,Landslide,Mudflow,mass_movement,TJK,1,1,International Federation of Red Cross and Red Crescent Societies (IFRC),Very High,2014,4,12,2014,4,16,Spring,07/01/2026,29/01/2026,N/A,N/A,Central Asia,Tajikistan,20,7400,"Khatlon (Vose, Shurobod, Hamadony, Khuroson, Kulob, Kizil-kala), Sughd (Gonchi)",N/A,N/A,N/A,N/A,N/A,No,N/A,N/A,N/A,2,N/A,MS-2014-000057-TJK,https://reliefweb.int/report/tajikistan/tajikistan-floods-emergency-plan-action-epoa-dref-operation-n-mdrtj019,,"1,300 livestock killed. Estimates indicated that at least 14 people were killed, but due to the debris it was difficult to account for everyone and some people are still missing.Two young boys, aged 5 and 2, were
killed by the mudflow. The mudflow also damaged
the local infrastructure and affected the livelihoods of
the population. "
GEO-19050423-CA-TJK-0001,GeophysicalHazards,Landslide,Mudflow,mass_movement,TJK,1,1,Office for the Coordination of Humanitarian Affairs (OCHA),Very High,2009,4,23,2009,6,15,Spring,07/01/2026,29/01/2026,N/A,N/A,Central Asia,Tajikistan,26,15000,"Khatlon (Khuroson District, Aini Jamoat, 18th Parts’ezdi Bolo, 18th Parts’ezdi Poyon, Halkajar, Uyali)",1000000,N/A,734,N/A,N/A,No,N/A,N/A,N/A,N/A,N/A,MS-2009-000099-TJK,https://reliefweb.int/report/tajikistan/tajikistan-floods-and-mudslides-ocha-situation-report-no-1-0,,"On 14 May another mudslide swept away some houses and damaged others in three settlements of the same district as the mudslide on 21 April affecting more than 1,884 people."
GEO-19050402-CA-TJK-0001,GeophysicalHazards,Landslide,Rockfall,mass_movement,TJK,1,1,Government of the Republic of Tajikistan,Very High,2015,4,2,2015,4,15,Spring,07/01/2026,29/01/2026,N/A,N/A,Central Asia,Tajikistan,10,40,Fayzobod (Yakabed),16950,N/A,N/A,N/A,N/A,No,0,10,N/A,N/A,N/A,LS-2015-000034-TJK,https://reliefweb.int/report/tajikistan/landslide-fayzobod-district-direct-rule-districts-tajikistan-situation-report-no-2,https://www.asiaplustj.info/en/news/tajikistan/incidents/20150404/landslide-fayzobod-kills-least-10-people?utm_source=chatgpt.com,"Government provided cash assistance of 10,000 TJS per affected household (~1,695 USD per household, ~16,950 USD total) to families who lost members in the mudslide; this is assistance, not economic loss."
GEO-19050413-CA-TJK-0001,GeophysicalHazards,Landslide,Rockfall,mass_movement,TJK,1,1,Asian Disaster Reduction Center (ADRC),Very High,2014,4,13,2014,4,13,Spring,07/01/2026,29/01/2026,N/A,N/A,Central Asia,Tajikistan,6,"1,536","Shuroobod (Odinaboy, Sari Chashma)",N/A,25,N/A,N/A,N/A,No,0,6,N/A,N/A,N/A,LS-2014-000051-TJK,https://www.adrc.asia/view_disaster_en.php?Key=1864&Lang=en,,7 reported missing. 
GEO-19050301-CA-TJK-0001,GeophysicalHazards,Landslide,Rockfall,mass_movement,TJK,1,1,International Federation of Red Cross and Red Crescent Societies (IFRC),Very High,2003,3,1,2003,3,1,Spring,07/01/2026,29/01/2026,N/A,N/A,Central Asia,Tajikistan,0,181,Khatlon (Ghorvodor),N/A,11,N/A,11,N/A,No,N/A,N/A,N/A,N/A,N/A,LS-2003-000115-TJK,https://reliefweb.int/report/tajikistan/tajikistan-landslide-khatlon-province-information-bulletin-n-1,,The hillside above the village of Ghorvodor in Khatlon province began to slide into the village.181 people and 33 househoulds affected.
HYDRO-19050507-CA-TJK-0001,HydrologicalHazards,Floods,FlashFlood,flood,TJK,1,1,International Federation of Red Cross and Red Crescent Societies (IFRC),Very High,2005,5,7,2005,5,18,Spring,07/01/2026,29/01/2026,N/A,N/A,Central Asia,Tajikistan,0,3534,"Rudaky, Murgab, Ganchy, Istaravshan, Bobojon Gafurov",N/A,N/A,761,235,N/A,No,N/A,N/A,N/A,N/A,N/A,FF-2005-000072-TJK,https://reliefweb.int/report/tajikistan/tajikistan-flash-floods-information-bulletin-n-1,https://reliefweb.int/disaster/ff-2005-000072-tjk,
GEO-19050303-CA-TJK-0001,GeophysicalHazards,Earthquakes,Earthquake,earthquake,TJK,1,1,Office for the Coordination of Humanitarian Affairs (OCHA),Very High,2002,3,3,2002,3,3,Spring,07/01/2026,29/01/2026,7.2,Moment Magnitude,Central Asia,Tajikistan,0,N/A,"Badakhshoni Kuhi (Ishkoshim, Rushon), Khatlon (Qumsangir), Roghun (Khojamaston), Dushanbe (Dushanbe)",N/A,N/A,470,209,"49 schools damaged, 31 medical facilities damaged, 6 km of power and communication lines destroyed, 2 theatres destroyed, 1 library damaged",No,N/A,N/A,N/A,N/A,N/A,EQ-2002-000122-AFG,https://www.gdacs.org/Earthquakes/report.aspx?eventid=4223&episodeid=4223&eventtype=EQ,https://reliefweb.int/disaster/eq-2002-000122-afg,
GEO-19050629-CA-TJK-0001,GeophysicalHazards,Earthquakes,Earthquake,earthquake,TJK,1,1,Office for the Coordination of Humanitarian Affairs (OCHA),Very High,2006,6,29,2006,6,29,Summer,07/01/2026,29/01/2026,5.3,Moment Magnitude,Central Asia,Tajikistan,3,21000,Khatlon (Qumsangir),"1,000,000",N/A,1500,1083,9 schools destroyed,No,N/A,N/A,N/A,3,N/A,N/A,https://www.unocha.org/publications/report/tajikistan/un-tajikistan-earthquake-appeal-sep-2006,,
GEO-19050403-CA-TJK-0001,GeophysicalHazards,Earthquakes,Earthquake,earthquake,TJK,1,1,Glide,Very High,2007,4,3,2007,4,3,Spring,07/01/2026,29/01/2026,6.2,Moment Magnitude,Central Asia,Tajikistan,10,16500,"Dushanbe, Khorog",NA,N/A,N/A,N/A,N/A,No,N/A,N/A,N/A,3,N/A,EQ-2007-000046-TJK,https://glidenumber.net/glide/public/search/details.jsp?glide=17555&record=1&last=1,https://www.thenewhumanitarian.org/news/2007/04/03,"Tajikistan was on April 3rd, 2007 hit by an earthquake measuring up to 6.2 points on the Richter scale, the country?s emergency ministry reported, adding that avalanches two days earlier killed 10 people in the northeast."
GEO-19050109-CA-TJK-0002,GeophysicalHazards,Earthquakes,Earthquake,earthquake,TJK,1,1,Office for the Coordination of Humanitarian Affairs (OCHA),Very High,2002,1,9,2002,1,9,Winter,07/01/2026,29/01/2026,5.3,Moment Magnitude,Central Asia,Tajikistan,3,1500,"Ragoun (Taghi Akbar, Talkhan Chashma, Passimokhroukho)",74000000,N/A,N/A,50,N/A,No,N/A,N/A,N/A,N/A,N/A,EQ-2002-000015-TJK,https://reliefweb.int/report/afghanistan/assistance-tajikistan-ocha-situation-update-no-12,https://www.ifrc.org/docs/appeals/rpts02/tjea02a2.pdf,50 injured
GEO-19051031-CA-TJK-0002,GeophysicalHazards,Earthquakes,Earthquake,earthquake,TJK,1,1,International Federation of Red Cross and Red Crescent Societies (IFRC),Very High,2000,10,31,2000,10,31,Autumn,07/01/2026,29/01/2026,5.5,Moment Magnitude,Central Asia,Tajikistan,0,1548,"Khatlon (Farhor, Khasanov)",N/A,N/A,587,N/A,N/A,No,N/A,N/A,N/A,N/A,N/A,EQ-2000-000743-TJK,https://www.ifrc.org/docs/appeals/rpts00/tjea00a1.pdf,,
MET-19051222-CA-TJK-0001,MeteorologicalHazards,ExtremeHeat,Coldwave,extreme_temperature,TJK,1,0.3,News Agencies & Media,Medium,2007,12,22,2007,12,22,Winter,07/01/2026,29/01/2026,N/A,N/A,Central Asia,Tajikistan,16,N/A,Dushanbe,31000000,N/A,N/A,N/A,N/A,No,N/A,N/A,N/A,N/A,N/A,N/A,https://www.reuters.com/article/economy/snow-avalanche-kills-16-in-tajikistan-more-trapped-idUSL22140652/,https://www.aljazeera.com/news/2007/12/22/many-die-in-tajikistan-avalanche,"Tajikistan was on April 3, 2007 hit by an earthquake measuring up to 6.2 points on the Richter scale, the country?s emergency ministry reported, adding that avalanches two days earlier killed 10 people in the northeast."
MET-19050130-CA-TJK-0001,MeteorologicalHazards,ExtremeHeat,Coldwave,extreme_temperature,TJK,1,1,Asian Disaster Reduction Center (ADRC),Very High,2006,1,30,2006,1,30,Winter,07/01/2026,29/01/2026,N/A,N/A,Central Asia,Tajikistan,18,N/A,Dushanbe,N/A,N/A,N/A,N/A,N/A,No,N/A,N/A,N/A,N/A,N/A,AV-2006-000014-TJK,https://www.adrc.asia/view_disaster_en.php?Lang=en&Key=934,,"An avalanche left 18 people dead and 12 injured on Monday night in the district of Jirgital, 250 km northeast of the Tajik capital, Dushanbe, the Ministry of Emergency Situations said."
MET-19050204-CA-TJK-0001,MeteorologicalHazards,ExtremeHeat,Coldwave,extreme_temperature,TJK,1,1,Office for the Coordination of Humanitarian Affairs (OCHA),Very High,2005,2,4,2005,2,11,Winter,07/01/2026,29/01/2026,N/A,N/A,Central Asia,Tajikistan,16,9052,"Tavildara, Nurobod, Rogun, Kandak, Faizobod, Khatlon",N/A,15,N/A,N/A,N/A,No,N/A,N/A,N/A,N/A,N/A,AV-2005-000014-TJK,https://reliefweb.int/disaster/av-2005-000014-tjk,,
HYDRO-19051001-CA-TJK-0001,HydrologicalHazards,Droughts,Drought,drought,TJK,1,1,Office for the Coordination of Humanitarian Affairs (OCHA),Very High,2008,10,1,2008,11,1,Autumn,07/01/2026,29/01/2026,N/A,N/A,Central Asia,Tajikistan,0,1300000,Tajikistan,"34,746,555",0,0,0,Over 5000 people left without water. ,No,N/A,N/A,N/A,N/A,N/A,DR-2008-000176-TJK,https://reliefweb.int/disaster/dr-2008-000176-tjk,,"Due to an acute shortage of drinking water, people are beginning to leave the small town of Taboshar in the northern Tajik province of Soghd. Over 5,000 people are without any water at all."
HYDRO-19050500-CA-TJK-0001,HydrologicalHazards,Droughts,Drought,drought,TJK,1,1,Office for the Coordination of Humanitarian Affairs (OCHA),Very High,2001,5,0,2001,0,0,Spring,07/01/2026,29/01/2026,N/A,N/A,Central Asia,Tajikistan,N/A,N/A,"Sughd, Gorno Badakhshan Autonomous Oblast",47000000,0,0,0,"Not reported as direct infrastructure damage — drought impacts were primarily on agriculture, water availability, and food production systems rather than housing or built infrastructure.",No,N/A,N/A,N/A,N/A,N/A,DR-2001-000210-TJK,https://reliefweb.int/disaster/dr-2001-000210-tjk,,
HYDRO-19050500-CA-TJK-0001,HydrologicalHazards,Droughts,Drought,drought,TJK,1,1,Office for the Coordination of Humanitarian Affairs (OCHA),Very High,2000,5,0,2000,0,0,Spring,07/01/2026,29/01/2026,N/A,N/A,Central Asia,Tajikistan,0,1500000,"Khatlon, Leninabad",N/A,N/A,N/A,N/A,N/A,No,N/A,N/A,N/A,N/A,N/A,DR-2000-000304-TJK,https://www.unocha.org/publications/report/tajikistan/tajikistan-drought-ocha-situation-report-no-1,,
HYDRO-19050804-CA-TJK-0001,HydrologicalHazards,Floods,RiverineFlood,flood,TJK,1,0.6,News Agencies & Media,High,2024,8,4,2024,8,5,Summer,07/01/2026,29/01/2026,N/A,N/A,Central Asia,Tajikistan,N/A,180,Ishkoshim,N/A,10,N/A,N/A,Road damaged (~4 km reported),No,N/A,N/A,N/A,N/A,N/A,FL-2024-000133-TJK,https://www.bomdod.com/2024/08/06/seli-saht-dar-dehai-zugvandi-nohijai-ishkoshim-dahho-honaro-zeri-ob-kard-video/,https://sentinel-asia.org/EO/2024/article20240806TJ.html,A severe flood in the Ishkoshim in Tajikistan. The emergency committee of Tajikistan reported that no one was injured but 45 families moved to sager place.
HYDRO-19050601-CA-TJK-0001,HydrologicalHazards,Floods,RiverineFlood,flood,TJK,1,1,International Federation of Red Cross and Red Crescent Societies (IFRC),Very High,2019,6,1,2019,6,7,Summer,07/01/2026,29/01/2026,N/A,N/A,Central Asia,Tajikistan,4,6750,"Khatlon (Vose, Farkhor, Temurmalik, Pyanj, Khuroson), Sughd (Devashtich, Isfara, Penjikent, Knibodom), Rudaky, Fayzobod",N/A,N/A,646,354,"Roads and bridges connecting the villages, riverbank protections, as well as agricultural lands had been destroyed, increasing the humanitarian needs of the population.",No,N/A,N/A,N/A,N/A,N/A,FL-2019-000058-TJK,https://reliefweb.int/disaster/fl-2019-000058-tjk,,"Mudflows and floods have caused significant damage to assets including crops, livestock, food and water supply networks. Furthermore, infrastructure, such as roads and bridges connecting the villages have been destroyed, thus increasing the humanitarian needs of the affected population."
HYDRO-19050607-CA-TJK-0001,HydrologicalHazards,Floods,RiverineFlood,flood,TJK,1,1,International Federation of Red Cross and Red Crescent Societies (IFRC),Very High,2015,6,7,2015,6,8,Summer,07/01/2026,29/01/2026,N/A,N/A,Central Asia,Tajikistan,0,3075,"J. Rasulov (Gulkhona, Somoniyon, Gulakandoz, Dehmoi, Hayoti Nav, Shahrak), Isfara (Chorkuh), Ainy (Veshkand)",N/A,615,N/A,N/A,"1 school destroyed, 7 km of paved roads damaged, 6 bridges damaged, electricity cables and water pipes ruined, 340 hectares of planted fields affected.",No,N/A,N/A,N/A,N/A,N/A,FL-2015-000067-TJK,https://adore.ifrc.org/Download.aspx?FileId=118436,,"As a result of heavy rains and strong winds on 7-8 June 2015 in the northern part of Tajikistan, floods and mudslides hit the population of three districts of Sughd province. According to the feedback and reports received from the Red Crescent Society of Tajikistan`s (RCST) response teams and Governmental Emergency Committee sources, up to 615 families (3,075 people) were directly affected: in 572 families in J. Rasulov district, one family in Isfara district and 42 families in Ainy district"
HYDRO-19050510-CA-TJK-0000,HydrologicalHazards,Floods,RiverineFlood,flood,TJK,1,1,Office for the Coordination of Humanitarian Affairs (OCHA),Very High,2006,4,20,2006,5,10,Spring,07/01/2026,29/01/2026,N/A,N/A,Central Asia,Tajikistan,1,13000,"Khatlon, Rogun",N/A,121,N/A,N/A,"Farmlands, over 3.000 ha of cotton plantations and infrastructure such as roads and bridges were damaged. According to the Ministry of Emergency Situations the largest landslide buried around 100 metres of the water supply pipeline in the village of Qadi Ob in the Rogun District.",No,N/A,N/A,N/A,N/A,N/A,FL-2006-000058-TJK,https://reliefweb.int/disaster/fl-2006-000058-tjk,,"During the last week of April and the first days of May 2006 heavy rain, hail and wind caused several mudslides and floods in southern Tajikistan. Farmlands, over 3.000 ha of cotton plantations and infrastructure such as roads and bridges were damaged in a number of districts of Khatlon Oblast (Muminobod, Shurobod, Danghara, Temurmalik, Jomi and Yovon). One casualty is reported in Khorasan District of Khatlon Oblast."
HYDRO-19050606-CA-TJK-0002,HydrologicalHazards,Floods,RiverineFlood,flood,TJK,1,1,International Federation of Red Cross and Red Crescent Societies (IFRC),Very High,2003,6,6,2003,6,7,Summer,07/01/2026,29/01/2026,N/A,N/A,Central Asia,Tajikistan,3,"10,000","Sughd, Penjikent",N/A,700,N/A,N/A,"The water pipeline system has been destroyed due to the floods. In Vashny (the town centre), the water, electricity and communication system is still functioning. Several bridges and many kilometres of roads have been destroyed",No,N/A,N/A,N/A,N/A,N/A,FL-2003-000273-TJK,https://reliefweb.int/disaster/fl-2003-000273-tjk,,
HYDRO-19050807-CA-TJK-0002,HydrologicalHazards,Floods,RiverineFlood,flood,TJK,1,0.6,Glide,High,2002,8,7,2002,8,7,Summer,07/01/2026,29/01/2026,N/A,N/A,Central Asia,Tajikistan,24,N/A,"Dasht, Langar (Roshtkala, Gorno-Badakhshan)",N/A,N/A,N/A,N/A,N/A,No,N/A,N/A,N/A,N/A,N/A,FL-2002-000475-TJK,https://glidenumber.net/glide/public/search/details.jsp?glide=11267,,
HYDRO-19050514-CA-TJK-0002,HydrologicalHazards,Floods,RiverineFlood,flood,TJK,1,1,International Federation of Red Cross and Red Crescent Societies (IFRC),Very High,2002,5,14,2002,5,15,Spring,07/01/2026,29/01/2026,N/A,N/A,Central Asia,Tajikistan,0,100,Vosse ,N/A,136,N/A,N/A,N/A,No,N/A,N/A,N/A,N/A,N/A,FL-2002-000315-TJK,https://www.ifrc.org/docs/appeals/rpts02/tjkfl3.pdf,,
HYDRO-19050323-CA-TJK-0002,HydrologicalHazards,Floods,RiverineFlood,flood,TJK,1,1,International Federation of Red Cross and Red Crescent Societies (IFRC),Very High,2002,3,23,2002,3,26,Spring,07/01/2026,29/01/2026,N/A,N/A,Central Asia,Tajikistan,N/A,1600,"Kulyab (Pitomnic, Chorbog, Zamburodod, Kuchabo)",N/A,N/A,130,40,"In addition, 30 hectares of wheat crop and land planted with fruit trees, 2,000 metres of electricity lines, and 1,000 metres of drinking water supply systems were destroyed by the flooding. ",No,N/A,N/A,N/A,N/A,N/A,FL-2002-000193-TJK,https://www.ifrc.org/docs/appeals/rpts02/tajikflo02a1.pdf,,
HYDRO-19050706-CA-TJK-0001,HydrologicalHazards,Floods,RiverineFlood,flood,TJK,1,1,International Federation of Red Cross and Red Crescent Societies (IFRC),Very High,1999,7,6,1999,7,12,Summer,07/01/2026,29/01/2026,N/A,N/A,Central Asia,Tajikistan,23,N/A,"Leninabad(Ashd, Aini), Gharm , Karategin (Jirgatal), Gorno-Badakhstan (Darvaz)",N/A,N/A,1211,316,"624,5 hectares of agricultural corps are damaged. 207 km of roads and 49 bridges, including 20 bridges of republican and regional importance, are destroyed, as well as 58 km of river banks fortifying facilities. 28 km of irrigation systems, 13 km of drainage system, 9,2 km of water pipe and sewerage system are; 18 km of power transmission lines, 11 transformer sub-stations; several hospitals, polyclinics, schools, pre-school facilities and cultural sites are destroyed.",No,N/A,N/A,N/A,N/A,N/A,FL-1999-000229-TJK,https://reliefweb.int/disaster/fl-1999-000229-tjk,,10 people are missing and 23 injured
HYDRO-19050423-CA-TJK-0001,HydrologicalHazards,Floods,RiverineFlood,flood,TJK,1,1,International Federation of Red Cross and Red Crescent Societies (IFRC),Very High,1998,4,23,1998,5,18,Spring,07/01/2026,29/01/2026,N/A,N/A,Central Asia,Tajikistan,134,27632,"Vose (Vose), Kulob (Kuliyab / Kulyab), Garm (Navdi)",60000000,1626,N/A,N/A,"Extensive infrastructure damage reported (roads, bridges, water systems), with emergency response and international assistance mobilised; OCHA situation reports document widespread destruction of transport and local infrastructure in southern/eastern districts.",No,N/A,N/A,N/A,N/A,N/A,FL-1998-000111-TJK,https://reliefweb.int/disaster/fl-1998-000111-tjk,,
